Year,f_rank,Team,Record,f,off_f,off_f_rnk,def_f,def_f_rnk,st_f,st_f_rnk,s_p,s_p_rnk,fei,fei_rnk
2013,1,Florida State,14-0,49.2,21.5,3,25.7,1,2.0,27,310.3,1,0.319,1
2013,2,Alabama,11-2,42.3,17.8,10,19.3,7,5.2,1,270.9,2,0.289,3
2013,3,Stanford,11-3,40.0,13.3,18,21.6,4,5.1,2,257.7,4,0.311,2
2013,4,Auburn,12-2,35.1,19.5,7,12.3,18,3.3,7,251.7,7,0.271,4
2013,5,Oregon,11-2,33.3,20.0,6,11.2,22,2.1,26,251.4,10,0.254,7
2013,6,Michigan State,13-1,32.1,4.8,43,25.3,2,2.0,29,251.4,8,0.252,8
2013,7,Baylor,11-2,30.4,20.5,4,10.7,25,-0.9,88,262.4,3,0.235,11
2013,8,Oklahoma State,10-3,30.0,10.2,26,20.4,6,-0.7,85,243.4,15,0.245,9
2013,9,Ohio State,12-2,29.9,22.1,2,3.9,45,3.9,5,251,11,0.216,13
2013,10,South Carolina,11-2,29.8,20.2,5,12.9,16,-3.3,114,248.8,12,0.257,6
2013,11,USC,10-4,29.0,6.5,37,21.5,5,1.0,46,245.9,13,0.184,20
2013,12,Louisville,12-1,29.0,11.8,23,15.1,10,2.0,28,257.3,5,0.181,21
2013,13,Arizona State,10-4,28.5,17.7,11,10.4,26,0.3,60,242.7,16,0.239,10
2013,14,Missouri,12-2,28.5,13.3,17,15.1,11,0.1,65,245.4,14,0.263,5
2013,15,UCLA,10-3,27.8,14.4,15,10.9,23,2.5,18,236.3,22,0.229,12
2013,16,Clemson,11-2,26.6,13.0,19,14.0,13,-0.4,78,256.7,6,0.17,22
2013,17,LSU,10-3,26.4,18.0,9,5.6,36,2.9,10,238.5,19,0.213,15
2013,18,Washington,9-4,26.3,12.1,22,11.8,21,2.4,19,235.9,23,0.202,16
2013,19,Wisconsin,9-4,26.2,9.5,28,15.8,9,0.9,50,251.4,9,0.186,19
2013,20,Oklahoma,11-2,24.7,12.2,21,10.9,24,1.6,37,232.7,24,0.215,14
2013,21,Central Florida,12-1,23.8,16.4,13,5.2,38,2.2,23,237.7,20,0.193,17
2013,22,Georgia,8-5,22.3,18.7,8,3.5,46,0.1,66,241.4,17,0.192,18
2013,23,Texas A&M,9-4,21.2,24.0,1,-5.1,86,2.3,21,239.5,18,0.162,24
2013,24,Kansas State,8-5,20.5,14.4,14,4.4,43,1.8,33,227.3,31,0.16,25
2013,25,Arizona,8-5,18.1,10.4,25,10.4,27,-2.7,106,224.6,33,0.154,26
2013,26,Notre Dame,9-4,17.5,11.6,24,6.4,33,-0.5,82,222.8,34,0.163,23
2013,27,Virginia Tech,8-5,17.1,-5.9,85,23.3,3,-0.3,75,236.7,21,0.123,29
2013,28,Ole Miss,8-5,16.1,5.3,41,12.0,20,-1.2,92,229.5,29,0.136,28
2013,29,Iowa,8-5,15.1,0.5,60,13.9,14,0.7,52,232.6,25,0.113,31
2013,30,BYU,8-5,14.9,2.8,51,13.8,15,-1.7,95,230.7,27,0.138,27
2013,31,Utah,5-7,13.9,5.1,42,7.3,30,1.5,39,219.5,39,0.114,30
2013,32,Utah State,9-5,13.7,-7.4,93,18.3,8,2.8,12,231.8,26,0.083,39
2013,33,Mississippi State,7-6,12.6,2.9,50,12.1,19,-2.4,102,230,28,0.1,32
2013,34,Georgia Tech,7-6,12.1,8.3,31,1.5,57,2.2,22,222.1,35,0.089,35
2013,35,Texas,8-5,12.0,4.1,46,6.1,35,1.8,31,213.5,48,0.087,37
2013,36,Miami,9-4,10.8,17.3,12,-7.6,91,1.1,42,229.2,30,0.067,42
2013,37,Michigan,7-6,10.2,5.3,40,4.5,40,0.3,61,216.4,44,0.088,36
2013,38,North Carolina,7-6,10.1,6.8,35,2.3,49,1.0,48,221.8,37,0.067,43
2013,39,Nebraska,9-4,9.1,0.4,61,7.2,32,1.5,38,211.2,54,0.062,46
2013,40,East Carolina,10-3,8.8,7.4,34,2.2,51,-0.8,87,221.9,36,0.067,41
2013,41,Duke,10-4,8.5,7.5,33,-0.2,62,1.2,40,216.1,46,0.097,33
2013,42,Oregon State,7-6,8.5,6.5,36,2.3,50,-0.3,73,213.3,50,0.087,38
2013,43,Texas Tech,8-5,8.0,12.3,20,-0.9,69,-3.4,116,216.4,45,0.066,44
2013,44,TCU,4-8,7.1,-7.9,94,14.5,12,0.5,55,217.8,43,0.041,50
2013,45,Boise State,8-5,7.0,3.9,47,-1.5,72,4.7,3,221,38,0.027,57
2013,46,Houston,8-5,6.8,-2.3,68,7.9,28,1.1,43,212.9,52,0.094,34
2013,47,Bowling Green,10-4,6.4,5.9,38,-2.5,76,3.0,9,224.7,32,0.071,40
2013,48,Florida,4-8,6.1,-8.9,99,12.9,17,2.2,24,213.5,49,0.042,49
2013,49,Fresno State,11-2,6.0,9.9,27,-1.3,70,-2.6,105,218.8,40,0.032,53
2013,50,Vanderbilt,9-4,5.9,1.4,55,2.6,48,1.9,30,204.7,64,0.062,45
2013,51,North Texas,9-4,4.9,-5.0,80,7.3,31,2.6,16,218.7,41,0.022,58
2013,52,Marshall,10-4,4.4,8.6,30,-3.1,78,-1.1,89,213.2,51,0.045,48
2013,53,Washington State,6-7,3.7,1.5,54,1.6,54,0.6,53,207.4,60,0.028,56
2013,54,Pittsburgh,7-6,3.6,0.6,58,5.4,37,-2.4,103,218.1,42,0.032,52
2013,55,Minnesota,8-5,2.8,-3.2,73,3.3,47,2.8,13,198.2,74,0.03,55
2013,56,Indiana,5-7,2.3,14.0,16,-11.1,106,-0.6,84,214.5,47,0.002,61
2013,57,Ball State,10-3,2.3,4.7,44,-4.6,85,2.1,25,207.4,59,0.012,59
2013,58,Navy,9-4,2.2,8.2,32,-8.8,97,2.9,11,205.8,62,0.033,51
2013,59,Northwestern,5-7,2.0,-2.1,67,4.4,42,-0.3,72,208.9,57,0.011,60
2013,60,Northern Illinois,12-2,1.2,4.2,45,-2.0,74,-1.1,90,205.4,63,0.049,47
2013,61,Penn State,7-5,-0.1,-3.1,72,6.2,34,-3.1,112,211.2,53,-0.015,65
2013,62,Toledo,7-5,-0.2,2.6,52,-6.5,89,3.7,6,211.1,55,0,62
2013,63,Maryland,7-6,-1.4,-3.6,75,-0.3,64,2.6,17,208.3,58,-0.046,71
2013,64,Cincinnati,9-4,-1.5,2.3,53,2.0,52,-5.7,123,209.7,56,0.03,54
2013,65,Boston College,7-6,-2.2,2.9,49,-7.8,92,2.7,14,206.9,61,-0.045,70
2013,66,Colorado State,8-6,-2.6,-3.7,76,0.8,60,0.3,61,203.4,66,0,63
2013,67,UTSA,7-5,-2.7,0.9,56,-0.8,68,-2.7,106,204.2,65,-0.039,69
2013,68,South Alabama,6-6,-2.9,0.7,57,-3.5,80,0.0,70,199.2,72,-0.012,64
2013,69,Rice,10-4,-3.1,-2.4,69,-2.3,75,1.6,36,201.6,68,-0.035,68
2013,70,Tulane,7-6,-3.7,-11.6,105,7.4,29,0.5,56,199.1,73,-0.028,67
2013,71,Illinois,4-8,-4.0,5.7,39,-10.0,100,0.3,58,200.1,71,-0.055,77
2013,72,Tennessee,5-7,-5.2,-6.8,89,1.2,58,0.4,57,203.3,67,-0.049,74
2013,73,Florida Atlantic,6-6,-5.4,-7.9,95,4.2,44,-1.7,94,200.2,70,-0.048,73
2013,74,San Jose State,6-6,-6.1,9.0,29,-13.2,112,-1.9,99,201.4,69,-0.07,85
2013,75,Syracuse,7-6,-6.2,-5.6,83,-0.3,63,-0.3,77,198,75,-0.078,86
2013,76,West Virginia,4-8,-6.6,-7.2,92,-0.4,65,0.9,49,183.5,98,-0.016,66
2013,77,Western Kentucky,8-4,-6.7,-5.5,82,-1.8,73,0.5,54,197.3,77,-0.069,82
2013,78,Iowa State,3-9,-7.4,-5.1,81,-4.0,81,1.7,34,187.5,90,-0.047,72
2013,79,Virginia,2-10,-7.7,-11.9,108,4.6,39,-0.4,79,197.9,76,-0.066,81
2013,80,Buffalo,8-5,-7.8,-6.6,86,-1.5,71,0.3,63,196.8,78,-0.069,83
2013,81,Wake Forest,4-8,-8.5,-12.9,112,4.5,41,0.0,69,194.9,81,-0.06,80
2013,82,Hawaii,1-11,-8.7,-8.9,98,-0.7,67,1.0,47,186.6,92,-0.079,87
2013,83,Memphis,3-9,-9.0,-11.8,107,0.1,61,2.7,15,192.7,83,-0.053,76
2013,84,SMU,5-7,-9.7,-2.8,71,-3.4,79,-3.4,115,194.6,82,-0.052,75
2013,85,Middle Tennessee,8-5,-9.8,-4.9,79,-4.5,84,-0.4,80,189.4,88,-0.058,78
2013,86,UL-Lafayette,9-4,-9.8,-1.5,66,-9.0,98,0.8,51,189.7,87,-0.059,79
2013,87,Arkansas,3-9,-10.1,-1.5,65,-8.0,94,-0.6,83,195.2,80,-0.093,89
2013,88,Nevada,4-8,-10.5,3.5,48,-15.0,117,1.0,45,195.3,79,-0.106,92
2013,89,San Diego State,8-5,-11.7,-10.8,102,1.6,55,-2.4,104,192.6,84,-0.093,88
2013,90,Arkansas State,8-5,-12.1,-8.2,96,-8.1,95,4.2,4,186.9,91,-0.102,91
2013,91,Rutgers,6-7,-12.4,-7.1,91,-8.5,96,3.3,8,185.1,94,-0.118,94
2013,92,N.C. State,3-9,-12.6,-9.7,100,-2.9,77,0.0,68,192.5,85,-0.13,98
2013,93,Connecticut,3-9,-13.2,-11.9,109,1.0,59,-2.3,101,183.6,97,-0.113,93
2013,94,Tulsa,3-9,-13.5,-12.2,110,1.9,53,-3.2,113,191.6,86,-0.093,90
2013,95,Colorado,4-8,-14.8,-6.7,87,-6.2,88,-1.9,97,181.9,101,-0.152,104
2013,96,UNLV,7-6,-15.3,-5.7,84,-5.3,87,-4.3,118,187.6,89,-0.125,96
2013,97,Kentucky,2-10,-16.1,-3.3,74,-12.0,109,-0.8,86,185.3,93,-0.121,95
2013,98,Temple,2-10,-16.1,-0.2,63,-13.6,116,-2.2,100,179.7,103,-0.07,84
2013,99,South Florida,2-10,-17.3,-20.5,123,1.6,56,1.6,35,179.1,104,-0.133,99
2013,100,Army,2-10,-17.6,-2.7,70,-13.0,111,-1.9,98,171.8,110,-0.127,97
2013,101,Kansas,3-9,-19.0,-18.5,119,-0.5,66,0.0,67,170,111,-0.137,101
2013,102,Wyoming,5-7,-19.9,-4.0,77,-10.3,101,-5.6,122,184.4,95,-0.146,102
2013,103,California,1-11,-20.2,-6.7,88,-10.0,99,-3.4,116,179.9,102,-0.166,106
2013,104,Ohio,7-6,-20.2,-9.7,101,-12.8,110,2.3,20,184.2,96,-0.19,110
2013,105,Troy,6-6,-20.7,0.3,62,-20.6,120,-0.3,76,183.3,99,-0.158,105
2013,106,Kent State,4-8,-20.8,-7.0,90,-13.2,113,-0.5,81,177.4,106,-0.134,100
2013,107,Texas State,6-6,-21.6,-18.6,120,-4.2,82,1.2,41,174.1,108,-0.215,115
2013,108,Akron,5-7,-21.8,-14.7,114,-4.3,83,-2.9,110,183,100,-0.146,103
2013,109,UL-Monroe,6-6,-23.4,-11.2,104,-6.9,90,-5.3,121,176.6,107,-0.167,107
2013,110,New Mexico,3-9,-23.8,0.6,59,-26.2,125,1.8,32,179.1,105,-0.185,109
2013,111,Central Michigan,6-6,-25.1,-11.8,106,-13.5,115,0.1,64,167.6,113,-0.207,112
2013,112,Louisiana Tech,5-7,-26.4,-15.1,116,-11.0,104,-0.3,73,161.3,116,-0.183,108
2013,113,Air Force,2-10,-26.5,-1.1,64,-24.1,122,-1.3,93,171.9,109,-0.235,117
2013,114,Purdue,1-11,-27.3,-14.6,113,-11.5,107,-1.2,91,167.7,112,-0.214,114
2013,115,UAB,2-10,-28.8,-4.8,78,-23.9,121,-0.1,71,165.5,114,-0.21,113
2013,116,Idaho,1-11,-30.9,-17.4,117,-10.7,103,-2.8,109,162.7,115,-0.242,119
2013,117,Western Michigan,1-11,-31.5,-18.3,118,-7.9,93,-5.3,120,159.8,117,-0.217,116
2013,118,Massachusetts,1-11,-32.7,-19.8,122,-11.0,105,-1.9,96,152.1,121,-0.255,121
2013,119,UTEP,2-10,-32.8,-8.6,97,-24.5,124,0.3,58,159,118,-0.254,120
2013,120,Southern Miss,1-11,-32.8,-19.8,121,-10.3,102,-2.8,108,158,119,-0.279,123
2013,121,Georgia State,0-12,-33.1,-14.8,115,-15.2,118,-3.1,111,151.9,122,-0.207,111
2013,122,New Mexico State,2-10,-34.9,-12.8,111,-15.6,119,-6.4,124,151.1,123,-0.24,118
2013,123,Miami (Ohio),0-12,-36.5,-25.9,125,-11.6,108,1.1,44,142.7,125,-0.261,122
2013,124,Eastern Michigan,2-10,-42.1,-11.2,103,-24.2,123,-6.7,125,154.1,120,-0.345,125
2013,125,Florida International,1-11,-42.5,-24.0,124,-13.3,114,-5.3,119,143,124,-0.285,124
2012,1,Alabama,13-1,+50.6,+21.1,2,+27.8,1,+1.7,28,312.3,1,0.324,1
2012,2,Oregon,12-1,+38.3,+15.9,5,+20.3,4,+2.2,18,270.5,2,0.319,2
2012,3,Texas A&M,11-2,+35.1,+23.1,1,+13.0,15,-1.0,89,263.6,3,0.295,3
2012,4,Florida,11-2,+34.2,+6.5,32,+23.6,2,+4.1,3,258.5,5,0.259,5
2012,5,Florida State,12-2,+29.5,+8.4,23,+19.5,5,+1.6,31,263.4,4,0.195,13
2012,6,Georgia,12-2,+29.1,+16.1,4,+12.6,18,+0.4,53,254.6,6,0.227,8
2012,7,Notre Dame,12-1,+27.4,+13.9,9,+14.6,13,-1.1,90,253.3,7,0.215,10
2012,8,Oklahoma,10-3,+27.0,+15.0,6,+10.6,23,+1.4,34,246.3,9,0.243,6
2012,9,Kansas State,11-2,+26.9,+9.4,19,+12.9,16,+4.6,1,232.5,24,0.279,4
2012,10,LSU,10-3,+25.9,+5.0,41,+18.2,6,+2.8,9,246,10,0.199,12
2012,11,Stanford,12-2,+25.6,+6.0,36,+17.1,8,+2.5,12,238,18,0.234,7
2012,12,Oklahoma State,8-5,+25.3,+12.8,12,+10.0,24,+2.5,10,241.3,15,0.185,14
2012,13,South Carolina,11-2,+23.7,+7.2,29,+17.3,7,-0.8,86,242.2,12,0.215,11
2012,14,Ohio State,12-0,+22.9,+12.4,13,+11.3,20,-0.7,82,234.3,23,0.216,9
2012,15,Michigan State,7-6,+20.7,-0.7,61,+20.8,3,+0.6,50,241.3,16,0.142,23
2012,16,Wisconsin,8-6,+20.4,+7.4,28,+13.3,14,-0.3,72,237.3,20,0.183,15
2012,17,Utah State,11-2,+20.1,+3.3,48,+15.5,9,+1.3,38,247.2,8,0.139,24
2012,18,Oregon State,9-4,+20.0,+10.1,17,+9.6,25,+0.3,54,234.3,22,0.182,16
2012,19,Nebraska,10-4,+19.9,+14.2,8,+7.7,30,-2.0,103,240.6,17,0.147,19
2012,20,Michigan,8-5,+19.3,+10.2,16,+8.6,28,+0.6,49,237.7,19,0.133,26
2012,21,Boise State,11-2,+18.4,+5.1,40,+12.8,17,+0.4,52,242,13,0.121,32
2012,22,Clemson,11-2,+18.4,+14.4,7,+2.2,51,+1.8,26,235.9,21,0.135,25
2012,23,BYU,8-5,+17.5,+2.6,52,+15.2,10,-0.2,71,244.5,11,0.125,29
2012,24,Texas,9-4,+15.6,+9.5,18,+4.5,40,+1.6,30,220.6,36,0.173,17
2012,25,Penn State,8-4,+15.0,+3.8,47,+12.5,19,-1.4,94,230.9,25,0.121,31
2012,26,Cincinnati,10-3,+14.4,+6.2,35,+8.2,29,+0.0,60,213.4,49,0.146,20
2012,27,USC,7-6,+14.2,+6.4,33,+6.0,33,+1.8,23,227.2,28,0.122,30
2012,28,Louisville,11-2,+13.7,+13.8,10,+2.9,48,-3.0,115,219.2,39,0.126,28
2012,29,Northwestern,10-3,+12.9,+5.8,37,+3.4,46,+3.7,4,215.1,46,0.143,21
2012,30,Baylor,8-5,+12.5,+19.6,3,-5.1,79,-2.0,102,221.8,33,0.172,18
2012,31,TCU,7-6,+12.3,-2.6,70,+14.6,12,+0.3,55,222.1,32,0.142,22
2012,32,San Jose State,11-2,+12.1,+7.4,26,+4.0,44,+0.8,47,229.6,26,0.087,38
2012,33,Northern Illinois,12-2,+11.9,+5.3,38,+4.6,39,+2.0,19,223.6,31,0.092,36
2012,34,Fresno State,9-4,+11.6,+0.8,58,+11.2,21,-0.5,80,242,14,0.043,54
2012,35,UCLA,9-5,+11.2,+5.2,39,+6.3,32,-0.3,73,217.3,41,0.116,33
2012,36,Central Florida,10-4,+10.6,+4.2,45,+4.2,42,+2.2,16,219.4,38,0.093,35
2012,37,Syracuse,8-5,+10.2,+9.0,21,+2.1,52,-0.8,87,212.2,51,0.132,27
2012,38,Arizona,8-5,+9.8,+13.1,11,-1.9,68,-1.3,93,220.9,35,0.07,41
2012,39,Rutgers,9-4,+9.6,-5.4,84,+15.1,11,-0.1,67,215.3,45,0.1,34
2012,40,Ole Miss,7-6,+9.6,+6.3,34,+5.8,34,-2.5,111,229.2,27,0.068,42
2012,41,Arizona State,8-5,+9.0,+2.7,51,+6.5,31,-0.1,66,221.3,34,0.09,37
2012,42,Tulsa,11-3,+8.7,+0.1,59,+8.9,27,-0.3,75,219.4,37,0.08,40
2012,43,Virginia Tech,7-6,+7.6,-3.2,75,+10.8,22,0.0,62,216.3,43,0.048,49
2012,44,San Diego State,9-4,+7.5,+1.2,56,+5.2,36,+1.1,41,217.4,40,0.052,48
2012,45,Texas Tech,8-5,+6.9,+7.9,25,-1.1,64,+0.1,58,214.5,48,0.058,45
2012,46,North Carolina,8-4,+6.8,+9.4,20,-3.5,74,+0.9,44,211.2,52,0.053,47
2012,47,West Virginia,7-6,+6.6,+11.0,15,-2.4,69,-2.1,105,217.2,42,0.046,52
2012,48,Kent State,11-3,+6.2,-2.4,68,+4.2,43,+4.3,2,209.5,55,0.046,53
2012,49,Georgia Tech,7-7,+6.1,+8.6,22,+0.1,58,-2.6,112,225.2,29,0.047,50
2012,50,Vanderbilt,9-4,+6.1,-2.5,69,+5.2,35,+3.4,6,209.4,56,0.065,43
2012,51,Pittsburgh,6-7,+6.0,+1.8,54,+3.7,45,+0.5,51,206.8,58,0.065,44
2012,52,Louisiana Tech,9-3,+5.4,+11.9,14,-9.6,100,+3.1,7,216.1,44,0.054,46
2012,53,Arkansas State,10-3,+5.1,+8.3,24,+0.7,56,-4.0,120,224.7,30,0.046,51
2012,54,Toledo,9-4,+2.3,+1.3,55,-0.8,62,+1.8,25,201.2,65,0.02,56
2012,55,Iowa State,6-7,+2.2,-2.0,65,+3.0,47,+1.2,40,202.4,63,0.082,39
2012,56,Washington,7-6,+1.8,-1.3,63,+4.8,37,-1.7,98,206.2,59,0.029,55
2012,57,Tennessee,5-7,+0.8,+7.4,27,-6.4,85,-0.1,65,212.3,50,0.001,61
2012,58,Missouri,5-7,+0.7,-5.7,85,+4.4,41,+1.9,20,208.8,57,0.012,57
2012,59,UL-Lafayette,9-4,+0.4,+4.9,44,-4.6,78,+0.2,56,210.3,54,-0.052,75
2012,60,Arkansas,4-8,+0.4,+4.9,43,-2.7,72,-1.7,97,215,47,-0.032,67
2012,61,Connecticut,5-7,0.0,-10.1,107,+9.2,26,+0.9,45,199.8,68,-0.017,64
2012,62,Mississippi State,8-5,-0.1,-2.9,72,+1.3,54,+1.5,32,210.4,53,-0.012,62
2012,63,N.C. State,7-6,-0.2,-3.0,74,+2.9,49,-0.1,64,204.1,62,0.009,59
2012,64,Ball State,9-4,-0.5,+3.2,49,-7.4,87,+3.6,5,204.7,61,-0.033,68
2012,65,Miami,7-5,-1.3,+4.0,46,-7.5,88,+2.2,17,205.7,60,0.004,60
2012,66,Utah,5-7,-3.8,-6.1,89,+0.7,57,+1.7,27,193.4,78,0.011,58
2012,67,Bowling Green,8-5,-4.2,-7.1,100,+4.6,38,-1.6,95,202.3,64,-0.041,72
2012,68,Ohio,9-4,-4.5,-2.3,67,-3.6,75,+1.3,35,191.9,80,-0.034,70
2012,69,Western Kentucky,7-6,-4.7,-4.1,78,-0.3,61,-0.2,70,198.9,71,-0.03,66
2012,70,SMU,7-6,-4.7,-6.8,96,+0.8,55,+1.2,39,200.5,67,-0.056,76
2012,71,Nevada,7-6,-5.3,+7.1,30,-12.5,111,+0.1,59,199.4,69,-0.024,65
2012,72,Iowa,4-8,-6.0,-6.5,94,-0.9,63,+1.5,33,188.8,86,-0.013,63
2012,73,South Florida,3-9,-6.2,-1.6,64,-3.3,73,-1.3,92,197,75,-0.047,73
2012,74,Indiana,4-8,-6.5,+4.9,42,-12.2,110,+0.9,46,189,85,-0.036,71
2012,75,UL-Monroe,8-5,-6.6,+1.1,57,-7.3,86,-0.4,78,193.4,79,-0.033,69
2012,76,Purdue,6-7,-6.9,-6.4,92,-0.2,60,-0.3,74,197.4,74,-0.106,89
2012,77,California,3-9,-7.0,-4.9,81,-1.7,67,-0.3,76,201,66,-0.066,79
2012,78,Troy,5-7,-7.4,+1.8,53,-8.7,93,-0.6,81,197.5,73,-0.063,77
2012,79,Minnesota,6-7,-7.5,-6.4,93,-0.1,59,-1.0,88,191.8,81,-0.051,74
2012,80,Houston,5-7,-8.2,-5.1,83,-1.3,66,-1.7,96,199.1,70,-0.093,84
2012,81,Duke,6-7,-8.3,+3.0,50,-13.2,116,+1.9,22,190.3,82,-0.1,87
2012,82,Marshall,5-7,-8.7,+6.9,31,-13.3,117,-2.3,110,198.1,72,-0.106,90
2012,83,Virginia,4-8,-8.8,-6.1,88,+2.0,53,-4.8,123,195.1,76,-0.065,78
2012,84,Temple,4-7,-10.0,-3.4,76,-9.0,96,+2.4,13,183.7,92,-0.091,83
2012,85,Western Michigan,4-8,-10.2,-2.1,66,-5.8,82,-2.2,107,187.8,87,-0.086,82
2012,86,Maryland,4-8,-10.9,-13.2,116,+2.3,50,0.0,61,180.4,101,-0.079,81
2012,87,Rice,7-6,-10.9,-5.8,86,-7.7,89,+2.5,11,189.2,84,-0.074,80
2012,88,Boston College,2-10,-11.1,-6.8,97,-5.5,81,+1.3,36,183.7,93,-0.099,86
2012,89,Florida International,3-9,-11.7,-7.0,99,-2.4,70,-2.2,107,189.9,83,-0.097,85
2012,90,East Carolina,8-5,-11.8,-3.4,77,-8.4,91,-0.1,63,194.9,77,-0.16,107
2012,91,UAB,3-9,-15.0,-6.6,95,-9.7,101,+1.3,37,183.3,95,-0.165,113
2012,92,Buffalo,4-8,-15.3,-10.2,108,-1.2,65,-3.9,119,186.1,89,-0.114,91
2012,93,UTEP,3-9,-15.6,-8.7,106,-8.7,94,+1.8,24,177.8,105,-0.105,88
2012,94,Memphis,4-8,-15.7,-12.6,115,-5.3,80,+2.3,15,176.6,108,-0.125,95
2012,95,Central Michigan,7-6,-15.7,-2.9,73,-12.1,109,-0.7,84,181.1,100,-0.143,100
2012,96,Middle Tennessee,9-3,-16.0,-6.3,90,-12.7,114,+3.0,8,185,90,-0.119,92
2012,97,Navy,8-5,-16.5,-5.9,87,-11.6,107,+1.0,43,187.1,88,-0.153,103
2012,98,Washington State,3-9,-16.6,-10.6,109,-3.9,76,-2.1,106,180,102,-0.134,97
2012,99,Texas State,4-8,-16.8,-4.5,80,-14.6,119,+2.3,14,183.6,94,-0.154,104
2012,100,Wyoming,4-8,-17.1,-1.0,62,-12.5,112,-3.6,118,182.7,97,-0.122,94
2012,101,Air Force,6-7,-17.4,-5.0,82,-9.6,99,-2.8,114,182.9,96,-0.128,96
2012,102,Miami (Ohio),4-8,-17.6,-2.9,71,-12.7,115,-2.0,104,181.6,99,-0.163,112
2012,103,UNLV,2-11,-17.7,-7.7,101,-9.4,98,-0.7,83,177,106,-0.156,106
2012,104,Kansas,1-11,-18.0,-7.8,103,-6.0,84,-4.2,121,179.6,103,-0.121,93
2012,105,Auburn,3-9,-18.6,-11.5,111,-9.0,95,+1.9,21,184.7,91,-0.192,116
2012,106,Army,2-10,-18.8,-0.5,60,-17.6,124,-0.8,85,177,107,-0.161,108
2012,107,Wake Forest,5-7,-19.1,-11.7,113,-4.2,77,-3.2,117,174.9,110,-0.152,102
2012,108,Illinois,2-10,-19.3,-14.2,117,-2.5,71,-2.6,113,174.3,111,-0.162,110
2012,109,Akron,1-11,-20.3,-6.4,91,-10.7,105,-3.2,116,171.1,118,-0.137,98
2012,110,Eastern Michigan,2-10,-20.6,-8.2,105,-10.2,103,-2.2,109,171.3,117,-0.15,101
2012,111,Tulane,2-10,-20.7,-11.6,112,-9.8,102,+0.7,48,173.3,113,-0.197,117
2012,112,Kentucky,2-10,-21.0,-7.9,104,-12.6,113,-0.4,77,182.2,98,-0.163,111
2012,113,North Texas,4-8,-21.5,-7.8,102,-11.9,108,-1.9,101,172.9,114,-0.139,99
2012,114,New Mexico,4-9,-21.7,-4.5,79,-16.1,121,-1.1,91,178.2,104,-0.162,109
2012,115,Florida Atlantic,3-9,-21.8,-11.0,110,-10.6,104,-0.2,69,173.7,112,-0.17,114
2012,116,UTSA,6-4,-22.6,-6.9,98,-15.8,120,+0.2,57,172,115,-0.212,118
2012,117,Southern Miss,0-12,-23.4,-12.3,114,-9.3,97,-1.9,100,171.8,116,-0.181,115
2012,118,South Alabama,2-11,-24.3,-16.7,122,-5.8,83,-1.8,99,161.4,121,-0.156,105
2012,119,Colorado State,4-8,-24.7,-14.9,120,-10.8,106,+1.0,42,175.3,109,-0.258,121
2012,120,Idaho,1-11,-25.4,-16.5,121,-8.7,92,-0.2,68,165.4,119,-0.227,119
2012,121,Hawaii,3-9,-25.4,-19.2,124,-7.9,90,+1.7,29,163.5,120,-0.239,120
2012,122,Massachusetts,1-11,-33.6,-18.8,123,-14.4,118,-0.4,79,147.6,124,-0.271,123
2012,123,New Mexico State,1-11,-35.6,-14.5,118,-16.1,122,-5.0,124,156,122,-0.287,124
2012,124,Colorado,1-11,-36.0,-14.6,119,-16.7,123,-4.6,122,153.6,123,-0.261,122
2011,1,Alabama,12-1,+53.9,+17.2,5,+37.1,1,-0.4,72,333,1,0.306,3
2011,2,LSU,13-1,+46.8,+16.0,8,+27.8,2,+3.1,6,297.5,2,0.318,1
2011,3,Oklahoma State,12-1,+37.9,+17.2,4,+18.2,4,+2.5,7,266.2,4,0.311,2
2011,4,Oregon,12-2,+33.8,+16.6,7,+16.2,12,+1.0,39,264.6,5,0.232,6
2011,5,Boise State,12-1,+33.0,+12.7,14,+16.2,11,+4.1,1,272,3,0.213,8
2011,6,Wisconsin,11-3,+29.3,+26.1,1,+2.2,52,+1.0,40,255.6,6,0.235,5
2011,7,Stanford,11-2,+28.5,+17.0,6,+11.5,17,-0.1,63,252.8,8,0.214,7
2011,8,Oklahoma,10-3,+27.7,+10.2,20,+16.6,7,+0.9,43,252.9,7,0.24,4
2011,9,Michigan,11-2,+26.4,+15.1,9,+10.7,18,+0.6,50,246.9,11,0.202,9
2011,10,Florida State,9-4,+24.2,+1.8,50,+18.4,3,+3.9,2,246.8,12,0.18,12
2011,11,Michigan State,11-3,+23.8,+4.1,40,+17.9,5,+1.8,19,245.3,13,0.187,11
2011,12,USC,10-2,+23.7,+14.1,12,+8.1,25,+1.5,23,239.8,15,0.193,10
2011,13,Notre Dame,8-5,+23.5,+8.8,22,+14.2,14,+0.5,53,248.8,10,0.171,15
2011,14,Georgia,10-4,+22.8,+6.8,28,+16.5,10,-0.5,76,251.2,9,0.152,19
2011,15,Texas A&M,7-6,+21.0,+11.0,19,+9.4,22,+0.6,48,241.3,14,0.17,16
2011,16,Arkansas,11-2,+19.9,+14.1,11,+3.5,45,+2.2,9,234.6,18,0.176,14
2011,17,Houston,13-1,+17.8,+18.4,3,0.0,60,-0.6,78,237.9,16,0.141,22
2011,18,TCU,11-2,+17.6,+11.2,17,+4.9,41,+1.5,22,233.7,19,0.143,21
2011,19,West Virginia,10-3,+16.2,+14.4,10,+2.9,48,-1.2,83,224.4,29,0.17,17
2011,20,South Carolina,11-2,+15.8,+4.8,36,+14.4,13,-3.4,112,235.5,17,0.178,13
2011,21,Texas,8-5,+14.7,-3.9,81,+16.7,6,+2.0,15,226.8,27,0.114,28
2011,22,Missouri,8-5,+14.5,+8.5,24,+5.6,34,+0.4,56,223.4,30,0.15,20
2011,23,Cincinnati,10-3,+14.1,+7.6,25,+4.7,42,+1.8,18,215.8,42,0.134,23
2011,24,Virginia Tech,11-3,+14.0,+4.8,38,+9.5,21,-0.2,68,229.5,23,0.117,27
2011,25,Temple,9-4,+13.7,+3.0,45,+7.5,29,+3.2,5,233.6,20,0.076,38
2011,26,Baylor,10-3,+13.5,+24.1,2,-8.0,87,-2.7,105,227.3,25,0.111,29
2011,27,Southern Miss,12-2,+13.4,+1.0,54,+10.7,19,+1.7,20,231.7,21,0.121,25
2011,28,Nebraska,9-4,+13.0,+5.8,33,+5.1,38,+2.1,14,226.1,28,0.11,31
2011,29,Kansas State,10-3,+12.2,+3.0,44,+7.8,26,+1.3,28,206.6,56,0.163,18
2011,30,Rutgers,9-4,+12.1,-3.7,77,+13.7,15,+2.1,12,203.6,58,0.129,24
2011,31,Penn State,9-4,+10.5,-5.8,89,+16.5,9,-0.2,66,228.8,24,0.073,39
2011,32,Miami,6-6,+10.5,+13.0,13,-3.8,73,+1.3,29,213.1,46,0.121,26
2011,33,Clemson,10-4,+10.2,+9.0,21,+0.2,59,+1.1,37,211.9,49,0.091,32
2011,34,Florida,7-6,+9.5,-0.2,58,+6.0,33,+3.6,4,223.2,31,0.059,44
2011,35,South Florida,5-7,+9.4,+2.5,48,+8.4,23,-1.4,86,216.8,38,0.089,34
2011,36,Ohio State,6-7,+9.4,-1.5,65,+9.6,20,+1.2,33,217.2,37,0.089,35
2011,37,Tulsa,8-5,+9.1,+4.8,37,+3.7,44,+0.6,49,230.9,22,0.027,52
2011,38,Toledo,9-4,+8.6,+7.4,26,+1.1,56,+0.1,60,226.8,26,0.089,33
2011,39,Vanderbilt,6-7,+7.7,+3.2,43,+5.0,40,-0.5,73,218.9,36,0.052,45
2011,40,BYU,10-3,+7.2,+0.4,57,+5.1,37,+1.7,21,219.9,33,0.048,46
2011,41,Georgia Tech,8-5,+6.8,+12.0,16,-2.8,68,-2.4,100,216.1,41,0.06,43
2011,42,California,7-6,+6.2,-0.4,59,+6.3,31,+0.3,57,219.9,34,0.038,49
2011,43,North Carolina,7-6,+5.9,+2.2,49,+5.2,36,-1.5,89,208.5,52,0.063,41
2011,44,Arizona State,6-7,+5.6,+5.3,35,-0.9,63,+1.2,32,210,51,0.06,42
2011,45,Louisville,7-6,+5.3,+0.9,55,+3.3,46,+1.2,34,200.8,65,0.111,30
2011,46,Iowa,7-6,+5.3,+3.4,41,+1.7,54,+0.2,58,207.1,55,0.085,37
2011,47,Pittsburgh,6-7,+5.0,-2.4,69,+6.1,32,+1.4,26,203,59,0.086,36
2011,48,Louisiana Tech,8-5,+4.9,-4.4,83,+8.1,24,+1.3,31,214,44,0.068,40
2011,49,Mississippi State,7-6,+4.4,-3.9,80,+7.3,30,+1.0,42,213.1,47,0.046,47
2011,50,Northern Illinois,11-3,+4.3,+11.1,18,-6.4,80,-0.4,71,216.8,39,0.024,53
2011,51,Tennessee,5-7,+2.7,-0.7,60,+5.5,35,-2.1,96,213.6,45,0.014,57
2011,52,Central Florida,5-7,+2.2,+0.5,56,+1.7,53,-0.1,62,213,48,0.001,63
2011,53,Illinois,7-6,+2.0,-11.8,107,+16.6,8,-2.8,106,219,35,0.004,61
2011,54,Connecticut,5-7,+1.4,-7.8,96,+7.7,28,+1.4,24,199.7,69,0.042,48
2011,55,Utah,8-5,+1.2,-12.7,111,+12.6,16,+1.4,25,207.5,53,0.017,54
2011,56,Ohio,10-4,+1.1,+1.5,51,-1.6,65,+1.1,36,205,57,0.012,58
2011,57,Virginia,8-5,+0.2,-1.4,64,+4.2,43,-2.6,104,202.9,60,0.014,56
2011,58,N.C. State,8-5,+0.2,-3.2,73,+5.1,39,-1.7,92,193.8,79,0.038,50
2011,59,Northwestern,6-7,-0.1,+8.6,23,-8.4,90,-0.3,69,200.3,67,0.03,51
2011,60,Western Michigan,7-6,-0.4,+5.6,34,-8.5,91,+2.5,8,211,50,0.008,59
2011,61,SMU,8-5,-0.7,-0.9,61,+1.0,57,-0.8,81,216.7,40,-0.028,70
2011,62,Nevada,7-6,-0.9,+4.6,39,-2.0,67,-3.5,113,220.3,32,-0.031,71
2011,63,Arkansas State,10-3,-1.2,-3.6,76,+1.4,55,+1.0,38,214.1,43,-0.038,73
2011,64,Wake Forest,6-7,-1.3,+2.6,47,-3.3,69,-0.7,79,194,78,0.015,55
2011,65,Auburn,8-5,-1.3,+3.3,42,-8.3,89,+3.6,3,201.5,62,-0.011,66
2011,66,Utah State,7-6,-1.5,+6.6,29,-3.6,72,-4.5,119,207.5,54,-0.006,65
2011,67,Washington,7-6,-2.2,+7.3,27,-10.8,100,+1.4,27,199.8,68,-0.026,68
2011,68,Air Force,7-6,-2.6,+6.1,32,-7.2,82,-1.6,91,202.8,61,-0.073,79
2011,69,Florida International,8-5,-2.8,-7.8,95,+2.8,49,+2.1,11,200.9,64,-0.026,69
2011,70,San Diego State,8-5,-3.2,-1.8,66,-1.1,64,-0.3,70,200.5,66,-0.051,75
2011,71,Syracuse,5-7,-3.3,-2.1,68,+0.3,58,-1.5,90,189.5,87,0.003,62
2011,72,Iowa State,6-7,-3.6,-6.7,92,+3.2,47,-0.1,64,191.5,83,0.006,60
2011,73,Navy,5-7,-3.8,+12.2,15,-14.1,113,-1.9,95,199.6,70,-0.018,67
2011,74,Boston College,4-8,-6.4,-9.1,101,+2.3,51,+0.5,54,186.4,94,-0.006,64
2011,75,Duke,3-9,-7.6,+1.3,53,-9.9,95,+1.0,41,187.4,89,-0.037,72
2011,76,Purdue,7-6,-7.8,-4.7,86,-5.3,75,+2.2,10,194.5,77,-0.066,78
2011,77,Bowling Green,5-7,-8.1,-3.0,72,-5.9,77,+0.7,47,197.5,74,-0.092,90
2011,78,Texas Tech,5-7,-8.2,+6.2,31,-14.4,115,+0.0,61,197.6,73,-0.058,77
2011,79,Arizona,4-8,-8.2,+6.3,30,-11.5,105,-3.0,109,201.4,63,-0.045,74
2011,80,Miami (Ohio),4-8,-8.3,-4.5,84,-0.9,61,-3.0,108,199,71,-0.055,76
2011,81,East Carolina,5-7,-9.4,-4.5,85,-3.4,71,-1.4,88,196.8,75,-0.106,92
2011,82,San Jose State,5-7,-9.7,-10.8,104,-0.9,62,+2.0,16,186.7,92,-0.074,82
2011,83,UL-Lafayette,9-4,-9.8,-2.0,67,-7.6,85,-0.2,65,194.8,76,-0.073,80
2011,84,Marshall,7-6,-10.6,-8.2,98,-1.8,66,-0.6,77,192.4,80,-0.081,85
2011,85,UCLA,6-8,-10.8,+1.5,52,-10.8,99,-1.4,87,198,72,-0.109,93
2011,86,Kentucky,5-7,-10.9,-13.5,112,+2.5,50,+0.1,59,187.2,90,-0.086,88
2011,87,Hawaii,6-7,-11.3,-2.5,70,-10.1,96,+1.3,30,191.3,84,-0.078,83
2011,88,Oregon State,3-9,-11.5,-9.0,100,-3.3,70,+0.8,46,190.6,86,-0.097,91
2011,89,UL-Monroe,4-8,-11.6,-3.8,79,-3.8,74,-3.9,117,191.9,82,-0.083,86
2011,90,Kent State,5-7,-12.4,-20.7,118,+7.7,27,+0.5,52,192.1,81,-0.155,102
2011,91,Fresno State,4-9,-12.8,+2.7,46,-13.0,110,-2.5,101,189.1,88,-0.079,84
2011,92,Maryland,2-10,-12.9,-3.6,75,-6.8,81,-2.5,102,183.8,97,-0.073,81
2011,93,Western Kentucky,7-5,-13.1,-8.0,97,-5.9,76,+0.8,45,181.8,98,-0.085,87
2011,94,Washington State,4-8,-13.3,-0.9,62,-9.5,94,-2.9,107,185.2,96,-0.086,89
2011,95,Ball State,6-6,-14.6,-2.8,71,-12.7,109,+0.8,44,186.6,93,-0.128,94
2011,96,UTEP,5-7,-14.6,-1.1,63,-14.0,112,+0.5,51,191.1,85,-0.133,97
2011,97,Minnesota,3-9,-15.3,-5.5,88,-10.9,101,+1.1,35,185.3,95,-0.162,104
2011,98,Central Michigan,3-9,-16.2,-3.7,78,-11.2,103,-1.2,84,178.6,106,-0.129,95
2011,99,Army,3-9,-16.4,-4.9,87,-7.4,84,-4.1,118,187.1,91,-0.171,106
2011,100,Ole Miss,2-10,-16.6,-12.5,110,-6.2,78,+2.1,13,180.9,99,-0.143,98
2011,101,Rice,4-8,-16.7,-10.5,102,-8.1,88,+1.8,17,180.6,100,-0.131,96
2011,102,Eastern Michigan,6-6,-16.9,-10.5,103,-6.2,79,-0.2,67,179.6,104,-0.144,99
2011,103,Buffalo,3-9,-18.9,-6.2,91,-10.1,97,-2.6,103,180.4,101,-0.149,100
2011,104,Wyoming,8-5,-19.4,-7.0,93,-10.2,98,-2.2,97,179.8,102,-0.151,101
2011,105,Indiana,1-11,-21.5,-3.9,82,-16.2,117,-1.3,85,167.8,112,-0.167,105
2011,106,Colorado State,3-9,-22.2,-11.9,108,-9.2,92,-1.1,82,170.5,111,-0.158,103
2011,107,Troy,3-9,-22.3,-11.0,105,-9.5,93,-1.8,94,172.6,110,-0.192,110
2011,108,UAB,3-9,-22.4,-3.3,74,-18.6,120,-0.5,74,173.9,108,-0.199,111
2011,109,New Mexico State,4-9,-22.5,-7.4,94,-11.5,106,-3.6,114,177.5,107,-0.19,109
2011,110,Colorado,3-10,-22.7,-5.9,90,-13.1,111,-3.6,115,179.5,105,-0.179,108
2011,111,North Texas,5-7,-23.3,-11.6,106,-12.1,107,+0.4,55,179.6,103,-0.207,112
2011,112,Kansas,2-10,-23.6,-8.8,99,-11.5,104,-3.4,111,172.9,109,-0.219,114
2011,113,Idaho,2-10,-26.3,-17.7,115,-7.9,86,-0.7,80,166.1,113,-0.174,107
2011,114,Tulane,2-11,-29.2,-15.1,113,-10.9,102,-3.2,110,159.5,115,-0.21,113
2011,115,Middle Tennessee,2-10,-29.5,-12.2,109,-14.9,116,-2.4,99,161.4,114,-0.24,116
2011,116,Florida Atlantic,1-11,-32.8,-21.6,120,-7.3,83,-3.9,116,153.5,117,-0.235,115
2011,117,UNLV,2-10,-33.0,-16.1,114,-16.3,118,-0.5,75,158.7,116,-0.3,119
2011,118,Akron,1-11,-35.4,-21.0,119,-12.2,108,-2.2,97,146,119,-0.274,118
2011,119,Memphis,2-10,-35.9,-20.1,117,-14.1,114,-1.7,93,146.4,118,-0.245,117
2011,120,New Mexico,1-11,-44.4,-20.1,116,-17.7,119,-6.6,120,145,120,-0.381,120
2010,1,Boise State,12-1,+39.3,+12.9,9,+25.9,1,+0.4,56,305.6,1,0.213,11
2010,2,Alabama,10-3,+37.5,+18.9,2,+15.6,5,+2.9,5,272.9,2,0.281,3
2010,3,Auburn,14-0,+36.5,+24.9,1,+11.3,13,+0.3,60,259.4,6,0.348,1
2010,4,Ohio State,12-1,+33.9,+12.4,13,+20.2,2,+1.3,36,271.8,3,0.234,8
2010,5,TCU,13-0,+33.3,+12.9,11,+17.8,3,+2.6,13,269.2,4,0.229,10
2010,6,Stanford,12-1,+33.2,+17.5,3,+14.4,7,+1.3,37,263.9,5,0.302,2
2010,7,Arkansas,10-3,+28.5,+17.4,4,+10.4,19,+0.7,47,250.5,7,0.245,7
2010,8,Oklahoma,12-2,+28.4,+12.9,10,+13.9,9,+1.6,27,249.7,8,0.231,9
2010,9,Oregon,12-1,+26.5,+9.7,16,+15.5,6,+1.3,34,248.9,9,0.267,4
2010,10,Virginia Tech,11-3,+25.3,+13.7,7,+7.9,25,+3.7,1,241.7,13,0.249,5
2010,11,Oklahoma State,11-2,+24.8,+11.5,15,+10.5,18,+2.9,7,246.3,10,0.184,17
2010,12,Wisconsin,11-2,+24.6,+15.6,5,+7.3,29,+1.6,25,244.3,11,0.211,12
2010,13,Missouri,10-3,+23.3,+9.2,17,+13.2,10,+0.9,43,241.3,14,0.19,14
2010,14,South Carolina,9-5,+21.9,+12.7,12,+9.7,22,-0.5,75,242.4,12,0.185,16
2010,15,LSU,11-2,+21.0,+6.4,25,+11.2,15,+3.4,3,233.3,21,0.247,6
2010,16,Nebraska,10-4,+20.3,+3.5,40,+14.0,8,+2.8,8,234.3,18,0.179,19
2010,17,West Virginia,9-4,+19.9,+2.9,45,+17.6,4,-0.7,82,239.1,15,0.19,14
2010,18,Florida State,10-4,+19.0,+12.1,14,+4.4,37,+2.5,15,232.3,22,0.182,18
2010,19,Texas A&M,9-4,+18.8,+5.7,33,+12.9,11,+0.2,62,236.9,17,0.12,28
2010,20,Notre Dame,8-5,+18.8,+5.2,37,+11.0,16,+2.6,12,238,16,0.14,23
2010,21,Iowa,8-5,+17.7,+7.7,22,+9.2,23,+0.8,46,231.4,23,0.161,21
2010,22,N.C. State,9-4,+17.2,+5.8,32,+10.8,17,+0.5,54,227,29,0.209,13
2010,23,Miami,7-6,+16.8,+5.1,38,+11.6,12,+0.1,68,231.3,24,0.143,22
2010,24,Pittsburgh,8-5,+15.5,+7.8,21,+7.4,28,+0.3,57,231.1,25,0.168,20
2010,25,Michigan State,11-2,+14.8,+7.2,24,+6.4,35,+1.2,40,230.2,27,0.082,39
2010,26,Clemson,6-7,+13.8,+1.2,52,+11.2,14,+1.4,33,218.9,36,0.13,24
2010,27,Nevada,13-1,+12.7,+13.4,8,-0.9,58,+0.2,65,230.4,26,0.107,29
2010,28,Utah,10-3,+11.6,+2.8,46,+6.7,32,+2.1,21,234,19,0.052,47
2010,29,Georgia,6-7,+11.6,+6.2,26,+2.7,40,+2.7,11,227.3,28,0.096,34
2010,30,Mississippi State,9-4,+10.9,-1.0,68,+10.4,20,+1.5,30,215.3,40,0.123,27
2010,31,San Diego State,9-4,+10.8,+9.2,18,+2.5,43,-0.8,85,219.5,34,0.08,40
2010,32,Illinois,7-6,+10.4,+1.4,51,+8.9,24,+0.1,66,222.1,33,0.09,35
2010,33,Central Florida,11-3,+10.3,+1.1,53,+6.5,34,+2.7,10,224.2,31,0.084,38
2010,34,Florida,8-5,+9.8,+0.8,55,+7.3,30,+1.7,24,217,39,0.087,36
2010,35,Northern Illinois,11-3,+9.7,+7.8,20,+0.2,53,+1.6,26,223,32,0.074,41
2010,36,Maryland,9-4,+8.9,+0.5,61,+7.8,26,+0.6,50,213.7,42,0.13,24
2010,37,USC,8-5,+8.6,+6.0,27,+0.3,52,+2.2,19,217,38,0.124,26
2010,38,Arizona,7-6,+7.4,+5.9,30,+3.2,39,-1.8,96,224.2,30,0.056,44
2010,39,North Carolina,8-5,+7.0,+3.4,41,+6.6,33,-3.0,110,214,41,0.102,31
2010,40,South Florida,8-5,+6.9,-2.0,71,+7.5,27,+1.5,32,206.5,55,0.107,29
2010,41,Arizona State,6-6,+6.1,+1.7,50,+4.5,36,-0.1,69,218.2,37,0.086,37
2010,42,Louisville,7-6,+5.7,+2.3,48,+1.5,45,+1.9,23,213,45,0.102,31
2010,43,Hawaii,10-4,+5.2,+6.0,28,+0.8,51,-1.6,95,233.6,20,-0.015,61
2010,44,Air Force,9-4,+4.9,+3.3,44,+1.0,47,+0.6,48,209.2,49,0.065,42
2010,45,Southern Miss,8-5,+3.5,+0.8,56,-0.2,54,+2.9,6,206.8,53,0.018,51
2010,46,Oregon State,5-7,+3.4,+3.4,43,-1.6,60,+1.6,29,219.4,35,0.053,45
2010,47,Michigan,7-6,+3.0,+15.1,6,-9.1,104,-3.0,111,213.6,43,0.005,55
2010,48,Penn State,7-6,+2.5,-1.6,70,+1.7,44,+2.4,16,210.1,48,0.004,56
2010,49,Boston College,7-6,+2.4,-8.1,96,+10.3,21,+0.2,64,206.7,54,0.04,50
2010,50,Troy,8-5,+2.3,+3.4,42,-1.9,63,+0.8,44,203.3,63,-0.017,64
2010,51,Navy,9-4,+2.1,+8.6,19,-3.5,76,-2.9,107,204.4,61,0.102,31
2010,52,Cincinnati,4-8,+2.0,+5.5,35,-3.2,73,-0.3,72,209.2,50,0.007,54
2010,53,Tulsa,10-3,+1.8,+3.9,39,-4.5,81,+2.4,18,207.7,52,0.013,53
2010,54,Kentucky,6-7,+1.7,+5.5,36,-4.0,77,+0.3,59,205.2,60,0.053,45
2010,55,Kansas State,7-6,+0.7,+5.9,31,-7.9,100,+2.7,9,200.6,68,0.046,48
2010,56,Texas Tech,8-5,+0.7,+2.6,47,-0.6,57,-1.3,91,206.2,57,-0.02,65
2010,57,Tennessee,6-7,+0.7,+1.0,54,+0.9,49,-1.1,87,208.4,51,-0.013,59
2010,58,BYU,7-6,+0.4,-4.9,83,+4.0,38,+1.3,35,213,44,-0.021,66
2010,59,Florida International,7-6,+0.4,+0.5,63,-0.4,55,+0.3,58,198.9,71,0.003,57
2010,60,Ole Miss,4-8,+0.0,+0.1,64,-0.6,56,+0.5,55,201.3,66,-0.015,61
2010,61,SMU,7-7,-0.1,+0.5,62,+2.6,41,-3.2,114,211.4,46,-0.029,68
2010,62,Houston,5-7,-0.6,+5.6,34,-5.5,87,-0.6,79,203.1,64,-0.049,74
2010,63,Connecticut,8-5,-1.4,-4.6,81,+0.8,50,+2.4,17,197.7,73,0.044,49
2010,64,Georgia Tech,6-7,-1.8,+2.0,49,-3.0,70,-0.7,83,200.6,67,0.018,51
2010,65,Texas,5-7,-1.9,-8.6,100,+6.9,31,-0.3,71,205.5,59,-0.038,72
2010,66,East Carolina,6-7,-2.2,+7.6,23,-11.9,108,+2.1,22,202.1,65,-0.052,75
2010,67,Syracuse,8-5,-2.4,-3.8,77,+2.6,42,-1.2,89,199.2,69,0.06,43
2010,68,Western Michigan,6-6,-2.5,-2.5,72,-3.2,72,+3.3,4,197.6,74,-0.026,67
2010,69,Arkansas State,4-8,-2.6,+0.8,58,-2.2,65,-1.2,90,192,78,-0.014,60
2010,70,Washington,7-6,-3.0,+0.8,57,-3.2,71,-0.6,78,206.4,56,-0.004,58
2010,71,Baylor,7-6,-3.7,+6.0,29,-7.4,97,-2.3,100,210.3,47,-0.048,73
2010,72,Colorado,5-7,-4.7,+0.1,65,-3.3,74,-1.5,92,199,70,-0.077,79
2010,73,Northwestern,7-6,-6.4,+0.0,66,-7.9,101,+1.5,31,187.9,87,-0.035,71
2010,74,Fresno State,8-5,-6.5,-3.2,75,-4.1,78,+0.8,45,204.1,62,-0.1,86
2010,75,Temple,8-4,-7.0,-3.4,76,-3.4,75,-0.2,70,198.3,72,-0.031,70
2010,76,Army,7-6,-7.5,-3.0,74,-5.8,88,+1.3,39,190.2,79,-0.015,61
2010,77,California,5-7,-8.0,-8.4,99,+1.0,48,-0.5,77,206,58,-0.088,83
2010,78,Duke,3-9,-8.3,-3.8,78,-6.6,90,+2.2,20,190.1,81,-0.063,77
2010,79,UCLA,4-8,-8.3,-7.5,95,-2.4,66,+1.6,28,194.4,76,-0.078,80
2010,80,Ohio,8-5,-8.4,-2.8,73,-6.7,91,+1.1,41,192.4,77,-0.128,94
2010,81,Virginia,4-8,-8.6,-1.0,67,-7.3,96,-0.3,73,187.1,88,-0.078,80
2010,82,UAB,4-8,-9.4,-1.5,69,-4.4,80,-3.6,116,189.4,83,-0.089,84
2010,83,Louisiana Tech,5-7,-9.9,-4.9,82,-8.5,103,+3.6,2,190.1,80,-0.112,91
2010,84,Rutgers,4-8,-10.2,-8.7,103,-2.1,64,+0.5,52,179.8,95,-0.03,69
2010,85,Iowa State,5-7,-10.3,-5.6,87,-5.2,86,+0.6,51,188.7,84,-0.087,82
2010,86,Indiana,5-7,-10.3,+0.6,60,-7.8,99,-3.2,113,188.7,85,-0.105,89
2010,87,Minnesota,3-9,-10.4,+0.7,59,-7.2,95,-3.8,117,188.4,86,-0.054,76
2010,88,Purdue,4-8,-10.9,-12.2,108,+1.1,46,+0.2,63,186.1,90,-0.102,87
2010,89,Middle Tennessee,6-7,-11.1,-9.0,104,-2.7,67,+0.6,48,177.9,99,-0.107,90
2010,90,Toledo,8-5,-11.8,-4.3,79,-4.6,82,-2.8,106,196.4,75,-0.126,93
2010,91,North Texas,3-9,-12.2,-4.6,80,-7.1,94,-0.5,76,179.7,96,-0.091,85
2010,92,UL-Monroe,5-7,-12.9,-8.4,98,-1.4,59,-3.1,112,176.5,101,-0.128,94
2010,93,Idaho,6-7,-13.1,-5.3,85,-7.0,92,-0.7,81,187,89,-0.155,102
2010,94,Central Michigan,3-9,-13.1,-5.9,89,-4.7,83,-2.4,102,183.3,92,-0.069,78
2010,95,Florida Atlantic,4-8,-13.6,-8.6,102,-4.3,79,-0.8,84,174.6,104,-0.148,99
2010,96,UL-Lafayette,3-9,-14.8,-6.4,92,-5.1,85,-3.3,115,174.4,105,-0.136,97
2010,97,Miami (Ohio),10-4,-15.5,-9.4,106,-4.9,84,-1.2,88,189.6,82,-0.159,103
2010,98,UTEP,6-7,-15.9,-5.3,84,-13.1,115,+2.5,14,174.2,106,-0.153,101
2010,99,Western Kentucky,2-10,-16.2,-6.4,91,-7.1,93,-2.7,104,171.6,108,-0.102,87
2010,100,Utah State,4-8,-16.2,-5.7,88,-8.5,102,-2.0,98,184.8,91,-0.174,107
2010,101,Vanderbilt,2-10,-16.3,-13.8,114,-2.7,68,+0.2,61,174.9,103,-0.144,98
2010,102,Marshall,5-7,-16.4,-11.7,107,-1.7,61,-3.0,109,183,93,-0.164,106
2010,103,Wake Forest,3-9,-17.3,-8.3,97,-7.5,98,-1.5,93,178.6,97,-0.161,105
2010,104,Rice,4-8,-17.4,-6.1,90,-12.3,112,+1.0,42,177.6,100,-0.205,112
2010,105,Kent State,5-7,-17.7,-13.6,113,-1.8,62,-2.3,101,181,94,-0.124,92
2010,106,Tulane,4-8,-18.4,-6.5,94,-5.8,89,-6.0,120,178.1,98,-0.151,100
2010,107,Washington State,2-10,-20.1,-6.4,93,-14.9,118,+1.3,38,171.8,107,-0.129,96
2010,108,Wyoming,3-9,-22.0,-8.6,101,-12.8,113,-0.7,80,176.2,102,-0.204,111
2010,109,Bowling Green,2-10,-23.0,-13.6,112,-9.5,105,+0.1,67,161.1,114,-0.159,103
2010,110,Buffalo,2-10,-23.4,-19.0,120,-2.9,69,-1.6,94,166.6,112,-0.188,108
2010,111,Kansas,3-9,-23.5,-12.8,111,-9.7,106,-1.0,86,160.6,116,-0.197,110
2010,112,Ball State,4-8,-23.6,-12.2,109,-11.9,109,+0.5,53,162.2,113,-0.194,109
2010,113,San Jose State,1-12,-24.0,-9.3,105,-11.7,107,-3.0,108,170.5,110,-0.208,113
2010,114,Colorado State,3-9,-28.0,-12.8,110,-13.3,116,-1.9,97,171.1,109,-0.291,119
2010,115,Eastern Michigan,2-10,-28.5,-5.6,86,-18.5,120,-4.4,119,169.5,111,-0.239,114
2010,116,UNLV,2-11,-28.6,-14.6,115,-13.6,117,-0.3,74,160.8,115,-0.287,116
2010,117,Akron,1-11,-30.3,-16.0,116,-12.1,110,-2.2,99,155.8,118,-0.241,115
2010,118,Memphis,1-11,-32.5,-16.7,117,-13.1,114,-2.7,103,156.9,117,-0.29,118
2010,119,New Mexico,1-11,-33.9,-17.6,118,-12.2,111,-4.1,118,152.7,119,-0.289,117
2010,120,New Mexico State,2-10,-36.3,-17.9,119,-15.6,119,-2.7,105,152,120,-0.305,120
2009,1,Alabama,14-0,+41.2,+19.7,1,+21.0,6,+0.5,49,284.4,2,0.342,1
2009,2,Florida,13-1,+40.8,+14.2,7,+23.9,2,+2.7,11,290.9,1,0.29,2
2009,3,Texas,13-1,+37.9,+12.9,9,+21.4,5,+3.6,5,280.5,3,0.231,6
2009,4,TCU,12-1,+32.1,+11.4,12,+16.5,10,+4.2,3,266.8,7,0.215,8
2009,5,Virginia Tech,10-3,+31.5,+11.5,11,+17.1,8,+2.9,8,255.4,9,0.255,3
2009,6,Penn State,11-2,+30.3,+8.2,24,+23.8,3,-1.7,97,275.4,4,0.194,12
2009,7,Boise State,14-0,+28.5,+11.0,14,+14.7,14,+2.8,10,268.2,6,0.18,15
2009,8,Ohio State,11-2,+27.8,+9.6,19,+16.7,9,+1.5,29,251.7,10,0.239,4
2009,9,Oklahoma,8-5,+27.3,+1.5,55,+25.2,1,+0.6,48,269,5,0.157,21
2009,10,Nebraska,10-4,+25.5,+0.4,60,+21.8,4,+3.3,6,260,8,0.16,19
2009,11,Iowa,11-2,+25.1,+4.3,43,+18.7,7,+2.1,17,248.2,11,0.224,7
2009,12,Pittsburgh,10-3,+21.0,+12.4,10,+8.5,25,+0.0,58,240.5,13,0.199,11
2009,13,Clemson,9-5,+20.2,+6.3,28,+10.1,18,+3.9,4,230.1,26,0.189,13
2009,14,Oregon,10-3,+20.2,+10.3,18,+9.5,22,+0.3,52,230.5,24,0.202,9
2009,15,Wisconsin,10-3,+20.0,+10.3,17,+9.7,21,0.0,60,237.2,16,0.142,22
2009,16,Texas Tech,9-4,+18.6,+10.4,16,+8.6,24,-0.4,70,236.8,18,0.163,18
2009,17,Miami,9-4,+17.8,+8.5,23,+7.8,26,+1.5,28,225.5,31,0.202,9
2009,18,Cincinnati,12-1,+17.5,+17.6,4,-1.0,62,+1.0,40,230.8,22,0.181,14
2009,19,Ole Miss,9-4,+16.9,+3.9,45,+11.8,16,+1.2,33,231.1,21,0.125,27
2009,20,Oregon State,8-5,+16.7,+11.1,13,+3.7,37,+2.0,19,245.3,12,0.125,27
2009,21,Georgia Tech,11-3,+15.8,+14.4,6,+0.6,53,+0.8,44,222.1,35,0.236,5
2009,22,BYU,11-2,+15.6,+8.9,22,+6.8,30,-0.1,62,239.1,14,0.099,35
2009,23,Notre Dame,6-6,+15.0,+14.7,5,+0.7,51,-0.4,69,230.3,25,0.112,31
2009,24,Tennessee,7-6,+14.5,+6.1,30,+9.7,20,-1.3,86,233.6,19,0.093,38
2009,25,Arkansas,8-5,+14.5,+9.0,21,+4.8,34,+0.6,47,229.2,27,0.13,26
2009,26,Air Force,8-5,+14.4,-1.5,70,+15.2,12,+0.7,45,238.4,15,0.072,40
2009,27,LSU,9-4,+13.7,+0.2,63,+9.2,23,+4.3,2,217,44,0.165,17
2009,28,USC,9-4,+13.4,+5.8,32,+7.7,27,-0.2,64,224.4,32,0.141,23
2009,29,Utah,10-3,+12.6,+3.8,46,+7.4,29,+1.4,31,237.2,17,0.043,49
2009,30,Boston College,8-5,+12.4,-2.6,74,+15.0,13,+0.1,56,223.2,33,0.101,34
2009,31,Stanford,8-5,+11.9,+18.0,3,-10.7,103,+4.6,1,213.3,51,0.16,19
2009,32,Arizona,8-5,+11.7,+2.9,48,+7.6,28,+1.2,35,221.3,37,0.117,29
2009,33,Oklahoma State,9-4,+11.7,-0.8,66,+11.3,17,+1.1,36,227.5,29,0.066,42
2009,34,Connecticut,8-5,+11.4,+9.5,20,-0.6,58,+2.5,13,221.2,38,0.131,25
2009,35,Houston,10-4,+11.3,+18.8,2,-8.4,92,+0.8,43,227.5,28,0.075,39
2009,36,North Carolina,8-5,+11.2,-2.7,75,+15.3,11,-1.4,89,218.9,41,0.179,16
2009,37,Navy,10-4,+10.4,+5.5,33,+4.7,35,+0.2,53,217.6,42,0.094,37
2009,38,Central Michigan,12-2,+10.4,+6.6,26,+3.0,40,+0.7,46,225.6,30,0.097,36
2009,39,Auburn,8-5,+9.8,+6.3,29,+4.5,36,-1.0,82,222.9,34,0.111,32
2009,40,Georgia,8-5,+9.8,+5.0,36,+3.1,39,+1.6,25,213.5,50,0.117,29
2009,41,South Carolina,7-6,+9.7,-2.4,73,+13.8,15,-1.7,94,230.6,23,0.059,44
2009,42,Florida State,7-6,+9.0,+13.3,8,-7.6,90,+3.2,7,220.3,39,0.133,24
2009,43,Wake Forest,5-7,+7.1,+10.4,15,-1.5,65,-1.7,97,221.8,36,0.049,46
2009,44,Purdue,5-7,+6.3,+1.8,53,+6.2,31,-1.7,93,217.3,43,0.045,48
2009,45,West Virginia,9-4,+6.0,+4.8,37,+2.1,44,-1.0,83,205.2,62,0.11,33
2009,46,Michigan State,6-7,+5.4,+6.5,27,-2.1,68,+1.0,41,208.9,53,0.07,41
2009,47,Texas A&M,6-7,+5.1,+5.9,31,+2.0,45,-2.8,110,231.3,20,-0.023,67
2009,48,East Carolina,9-5,+4.4,-1.0,68,+3.5,38,+1.9,20,214.6,49,0.03,54
2009,49,Kansas,5-7,+3.5,+4.8,38,-1.0,61,-0.4,71,216,46,-0.006,62
2009,50,Missouri,8-5,+3.2,+4.7,40,-1.5,64,+0.1,57,215.9,47,0,61
2009,51,Northwestern,8-5,+3.0,+2.5,50,+2.2,43,-1.7,95,206.4,59,0.047,47
2009,52,Temple,9-4,+2.2,+0.7,58,-0.4,56,+1.9,22,206,60,0.021,55
2009,53,Kentucky,7-6,+2.1,+0.2,62,-0.7,59,+2.5,14,201.9,67,0.052,45
2009,54,Arizona State,4-8,+1.1,-7.8,93,+9.8,19,-0.9,80,207.4,56,0.007,59
2009,55,Mississippi State,5-7,+1.0,+0.3,61,+0.7,50,+0.0,59,209.5,52,0.062,43
2009,56,UCLA,7-6,+0.8,-3.7,80,+2.6,41,+1.9,21,204.9,63,0.042,50
2009,57,California,8-5,+0.7,+5.1,35,-2.9,72,-1.4,90,207.5,55,0.041,51
2009,58,Michigan,5-7,+0.5,-2.1,71,+1.5,46,+1.1,37,207.2,58,0.007,59
2009,59,South Florida,8-5,+0.4,-2.3,72,+6.2,32,-3.5,116,215.8,48,0.01,57
2009,60,Bowling Green,7-6,+0.1,+4.8,39,-5.7,82,+1.0,39,219.5,40,-0.062,78
2009,61,Rutgers,9-4,-0.3,-4.0,82,+1.1,48,+2.6,12,207.3,57,0.033,52
2009,62,Troy,9-4,-2.0,+1.0,57,-4.2,75,+1.2,34,216.1,45,-0.073,83
2009,63,Washington,5-7,-2.1,+0.6,59,-1.1,63,-1.6,92,201.7,68,0.008,58
2009,64,N.C. State,5-7,-4.1,+4.5,41,-4.6,79,-4.0,117,197.8,74,-0.009,64
2009,65,SMU,8-5,-4.2,-3.4,79,+0.3,55,-1.1,84,197.1,76,-0.023,67
2009,66,Fresno State,8-5,-4.2,+3.0,47,-10.0,102,+2.8,9,208.9,54,-0.07,81
2009,67,Minnesota,6-7,-4.8,-4.4,84,-2.0,67,+1.6,27,186.4,94,0.032,53
2009,68,Duke,5-7,-5.2,+0.0,64,-5.4,81,+0.1,55,191.7,83,-0.029,69
2009,69,Southern Miss,7-6,-5.3,+2.2,52,-9.0,95,+1.5,30,186.7,93,-0.016,66
2009,70,Marshall,7-6,-5.4,-0.8,67,-4.3,76,-0.2,65,204.9,64,-0.072,82
2009,71,Middle Tennessee,10-3,-5.5,-10.7,105,+5.6,33,-0.3,68,205.5,61,-0.06,77
2009,72,Central Florida,8-5,-5.6,-8.0,95,+0.6,52,+1.8,24,195.9,77,-0.05,75
2009,73,Buffalo,5-7,-5.8,+1.2,56,-4.0,74,-3.0,114,198.9,70,-0.042,71
2009,74,Virginia,3-9,-6.1,-8.2,98,+2.5,42,-0.5,74,184.6,99,0.02,56
2009,75,Northern Illinois,7-6,-6.3,-3.4,78,-5.1,80,+2.1,16,189.8,89,-0.014,65
2009,76,Louisiana Tech,4-8,-6.4,-7.1,92,+1.0,49,-0.3,66,198.4,71,-0.068,79
2009,77,Ohio,9-5,-6.4,-6.1,89,-2.2,69,+1.9,23,186.9,92,-0.008,63
2009,78,Kansas State,6-6,-6.5,-6.2,90,-2.4,70,+2.1,18,195.1,79,-0.049,73
2009,79,Tulsa,5-7,-7.2,-6.2,91,-3.4,73,+2.4,15,191.8,82,-0.102,88
2009,80,Iowa State,7-6,-8.1,+2.9,49,-12.6,111,+1.6,26,198.4,73,-0.059,76
2009,81,Maryland,2-10,-8.6,-7.9,94,-0.5,57,-0.3,67,190.2,87,-0.039,70
2009,82,Vanderbilt,2-10,-9.2,-8.7,100,-0.8,60,+0.4,51,185.5,96,-0.048,72
2009,83,Colorado,3-9,-9.2,-9.9,101,+1.2,47,-0.4,73,191.3,85,-0.075,84
2009,84,UTEP,4-8,-9.6,+2.4,51,-9.4,97,-2.5,105,195.7,78,-0.111,91
2009,85,Syracuse,4-8,-10.2,-6.0,88,-1.9,66,-2.3,103,193,80,-0.082,85
2009,86,Idaho,7-6,-10.3,+7.8,25,-17.6,119,-0.5,75,192.9,81,-0.166,100
2009,87,Nevada,8-5,-11.2,+1.6,54,-12.3,110,-0.5,76,202.1,66,-0.119,92
2009,88,Indiana,4-8,-12.4,-3.8,81,-8.6,93,+0.1,54,178.8,104,-0.049,73
2009,89,UNLV,5-7,-12.6,+4.4,42,-16.5,116,-0.4,72,202.2,65,-0.17,101
2009,90,Colorado State,3-9,-12.7,+3.9,44,-13.9,114,-2.7,109,198.4,72,-0.139,97
2009,91,Baylor,4-8,-12.9,-8.2,97,-2.6,71,-2.0,101,191.7,84,-0.101,87
2009,92,Illinois,3-9,-13.4,-5.0,85,-6.9,87,-1.5,91,185.3,97,-0.069,80
2009,93,UAB,5-7,-13.5,-3.0,77,-7.6,91,-3.0,113,189.5,90,-0.127,95
2009,94,Florida Atlantic,5-7,-13.6,+5.3,34,-17.0,117,-2.0,100,199.1,69,-0.192,107
2009,95,Toledo,5-7,-13.8,-1.4,69,-9.5,99,-2.9,111,197.2,75,-0.158,98
2009,96,Louisville,4-8,-14.4,-5.8,87,-7.5,89,-1.1,85,177.2,106,-0.091,86
2009,97,Western Michigan,5-7,-14.8,-8.5,99,-6.8,85,+0.5,50,179.8,102,-0.107,90
2009,98,North Texas,2-10,-15.9,-2.8,76,-11.2,105,-2.0,99,184.8,98,-0.172,102
2009,99,Utah State,4-8,-16.0,-0.7,65,-14.6,115,-0.7,78,189.8,88,-0.122,94
2009,100,Kent State,5-7,-16.9,-11.8,107,-4.5,77,-0.6,77,173.7,107,-0.102,88
2009,101,Wyoming,7-6,-17.4,-10.4,104,-6.2,84,-0.7,79,188.3,91,-0.192,107
2009,102,Hawaii,6-7,-18.7,-5.4,86,-13.2,113,-0.1,61,190.7,86,-0.217,114
2009,103,Army,4-8,-18.8,-16.7,116,+0.4,54,-2.4,104,171.3,108,-0.127,95
2009,104,San Diego State,4-8,-18.9,-10.1,102,-7.1,88,-1.7,96,180.6,101,-0.184,104
2009,105,UL-Monroe,6-6,-19.3,-11.8,108,-4.6,78,-2.9,112,185.9,95,-0.2,110
2009,106,Arkansas State,4-8,-19.3,-14.6,114,-6.1,83,+1.3,32,182.6,100,-0.173,103
2009,107,Memphis,2-10,-19.7,-4.2,83,-12.8,112,-2.7,108,179.7,103,-0.185,105
2009,108,Ball State,2-10,-20.4,-11.8,109,-9.4,98,+0.9,42,164.4,112,-0.119,92
2009,109,UL-Lafayette,6-6,-21.6,-10.3,103,-9.9,100,-1.3,88,178.7,105,-0.212,112
2009,110,Miami (Ohio),1-11,-24.1,-12.3,110,-6.9,86,-4.9,119,171.2,109,-0.194,109
2009,111,Akron,3-9,-24.1,-12.7,113,-8.8,94,-2.7,107,170.2,110,-0.162,99
2009,112,New Mexico,1-11,-25.0,-11.5,106,-10.9,104,-2.6,106,169.3,111,-0.208,111
2009,113,Florida International,3-9,-25.6,-15.0,115,-11.7,108,+1.0,38,160,114,-0.19,106
2009,114,Western Kentucky,0-12,-27.5,-8.1,96,-18.1,120,-1.3,87,158.6,116,-0.213,113
2009,115,Tulane,3-9,-28.9,-12.5,112,-11.9,109,-4.4,118,159.6,115,-0.245,116
2009,116,San Jose State,2-10,-30.3,-17.2,117,-9.9,101,-3.2,115,164.3,113,-0.262,118
2009,117,Rice,2-10,-30.6,-18.2,118,-11.5,107,-0.9,81,156.1,117,-0.285,119
2009,118,Eastern Michigan,1-11,-31.8,-12.5,111,-17.1,118,-2.2,102,152.9,118,-0.234,115
2009,119,New Mexico State,4-9,-32.3,-20.7,119,-11.4,106,-0.2,63,149.5,119,-0.312,120
2009,120,Washington State,1-11,-37.1,-22.9,120,-9.1,96,-5.1,120,143.3,120,-0.247,117
2008,1,Florida,13-1,+49.4,+22.7,1,+22.2,3,+4.5,2,299.4,2,0.356,1
2008,2,USC,12-1,+47.6,+20.2,2,+25.9,1,+1.5,25,311.9,1,0.282,2
2008,3,Texas,12-1,+36.5,+18.8,4,+16.0,6,+1.7,23,268.6,6,0.272,4
2008,4,Oklahoma,12-2,+35.4,+19.3,3,+17.4,5,-1.3,89,278.7,4,0.277,3
2008,5,Penn State,11-2,+34.0,+18.7,5,+13.1,12,+2.2,15,268.8,5,0.251,5
2008,6,TCU,11-2,+32.4,+7.0,27,+24.2,2,+1.2,29,278.8,3,0.154,19
2008,7,Boise State,12-1,+29.1,+9.1,17,+17.5,4,+2.5,8,268.1,7,0.154,19
2008,8,Alabama,12-2,+27.3,+11.9,12,+15.2,7,+0.2,56,261.8,8,0.21,8
2008,9,Ohio State,10-3,+25.1,+9.4,16,+11.7,16,+4.0,3,252.6,9,0.17,14
2008,10,Ole Miss,9-4,+25.0,+12.6,10,+10.8,17,+1.7,22,244.4,12,0.215,7
2008,11,Utah,13-0,+24.3,+7.9,22,+14.0,8,+2.4,9,245.5,10,0.182,11
2008,12,Iowa,9-4,+21.1,+6.7,28,+13.5,9,+1.0,36,242.1,13,0.163,16
2008,13,Texas Tech,11-2,+20.7,+14.5,7,+7.4,25,-1.1,84,238.5,14,0.168,15
2008,14,Missouri,10-4,+19.7,+12.7,9,+3.7,39,+3.3,4,244.9,11,0.104,28
2008,15,Pittsburgh,9-4,+16.6,+5.3,37,+9.4,20,+1.9,18,227.2,22,0.178,12
2008,16,Oklahoma State,9-4,+16.2,+15.6,6,-1.7,68,+2.3,12,236.5,16,0.088,36
2008,17,Oregon,10-3,+16.0,+9.6,14,+6.4,27,+0.0,62,236,17,0.107,27
2008,18,Georgia,10-3,+15.5,+14.1,8,+2.0,51,-0.5,71,236.7,15,0.138,23
2008,19,North Carolina,8-5,+15.2,+4.6,40,+8.0,23,+2.6,7,212.5,46,0.216,6
2008,20,Florida State,9-4,+14.4,+6.0,34,+5.8,28,+2.6,6,219.1,35,0.191,10
2008,21,Arizona,8-5,+14.3,+7.7,25,+4.4,33,+2.3,11,230.1,19,0.083,40
2008,22,Clemson,7-6,+13.9,+0.9,59,+11.9,15,+1.1,33,228,21,0.136,24
2008,23,LSU,8-5,+13.9,+5.8,35,+3.5,40,+4.6,1,225.7,26,0.091,33
2008,24,California,9-4,+13.6,+1.9,52,+12.1,14,-0.4,70,232.9,18,0.091,33
2008,25,Ball State,12-2,+13.4,+7.7,24,+4.4,32,+1.3,28,229.1,20,0.1,30
2008,26,Boston College,9-5,+13.1,+1.7,54,+13.4,10,-2.0,100,222.5,27,0.172,13
2008,27,Cincinnati,11-3,+12.2,+2.0,51,+7.9,24,+2.3,13,222.2,28,0.131,25
2008,28,Wake Forest,8-5,+11.9,-2.5,71,+13.3,11,+1.2,32,214,41,0.156,18
2008,29,Connecticut,8-5,+11.7,+0.2,63,+12.6,13,-1.2,87,226.3,24,0.112,26
2008,30,Oregon State,9-4,+11.5,+8.3,21,+2.5,47,+0.7,44,226.3,23,0.094,32
2008,31,West Virginia,9-4,+11.0,+6.0,33,+5.6,30,-0.7,74,221.3,32,0.149,21
2008,32,Virginia Tech,10-4,+10.5,+1.4,56,+10.1,18,-1.0,80,217.1,38,0.194,9
2008,33,Tulsa,12-2,+10.1,+12.0,11,-1.3,63,-0.6,73,221.7,30,0.084,38
2008,34,Rutgers,9-4,+10.0,+7.8,23,+3.5,41,-1.3,88,221,33,0.148,22
2008,35,South Florida,8-5,+9.4,+4.7,38,+4.0,35,+0.7,43,220.8,34,0.103,29
2008,36,Nebraska,9-4,+8.7,+9.1,18,-2.2,71,+1.8,19,226,25,0.002,59
2008,37,Georgia Tech,9-4,+7.8,+6.6,29,+3.3,43,-2.0,101,209.5,51,0.158,17
2008,38,BYU,10-3,+6.7,+8.9,19,-4.1,79,+1.9,17,217.8,36,0.029,52
2008,39,Michigan State,9-4,+6.5,+1.1,58,+3.8,38,+1.7,24,217.3,37,0.05,44
2008,40,South Carolina,7-6,+6.3,-2.9,73,+8.8,21,+0.4,51,213.2,44,0.069,41
2008,41,Kansas,8-5,+5.5,+7.3,26,-1.8,69,+0.0,63,222,29,-0.004,61
2008,42,Northwestern,9-4,+5.0,+3.2,43,+3.0,45,-1.2,86,212.4,47,0.037,51
2008,43,Illinois,5-7,+4.1,+3.5,42,+3.2,44,-2.6,107,221.3,31,0.017,55
2008,44,Rice,10-3,+3.8,+11.7,13,-5.0,84,-2.9,110,215.8,40,0.021,54
2008,45,Notre Dame,7-6,+3.7,-1.0,65,+4.3,34,+0.4,49,206.9,52,0.042,50
2008,46,Wisconsin,7-6,+3.7,+0.5,62,+3.3,42,-0.1,66,213.8,42,0.014,56
2008,47,Houston,8-5,+3.6,+9.5,15,-3.8,76,-2.1,103,213.7,43,0.045,47
2008,48,Southern Miss,7-6,+3.6,+3.9,41,+0.1,61,-0.3,69,210.8,49,0.051,43
2008,49,East Carolina,9-5,+3.4,-3.3,75,+8.1,22,-1.4,91,206.7,53,0.085,37
2008,50,N.C. State,6-7,+3.0,+5.5,36,-3.5,75,+1.0,35,197.8,68,0.098,31
2008,51,Maryland,8-5,+2.9,+2.2,49,-1.5,66,+2.2,14,204.6,59,0.043,49
2008,52,Navy,8-5,+2.1,+8.5,20,-7.6,93,+1.2,31,200.6,62,0.084,38
2008,53,Tennessee,5-7,+1.9,-6.6,88,+9.5,19,-1.1,81,210.6,50,0.005,58
2008,54,Vanderbilt,7-6,+1.8,-4.4,78,+5.6,29,+0.6,45,204.7,58,0.06,42
2008,55,Miami,7-6,+1.3,+1.4,57,-1.5,65,+1.4,26,200,63,0.091,33
2008,56,Bowling Green,6-6,+1.2,+2.1,50,+0.1,59,-1.0,79,206.5,54,0.047,46
2008,57,Troy,8-5,+1.1,-2.0,67,+2.3,48,+0.8,40,215.9,39,-0.014,65
2008,58,Stanford,5-7,-0.1,+4.7,39,-5.7,86,+0.8,38,205.9,55,-0.017,66
2008,59,Air Force,8-5,-0.9,-3.0,74,+2.1,50,+0.0,59,204.9,57,-0.012,64
2008,60,Virginia,5-7,-1.0,-1.3,66,+0.1,58,+0.2,55,197.9,67,0.049,45
2008,61,Buffalo,8-6,-1.9,+2.6,48,-3.9,77,-0.6,72,195.4,75,0.044,48
2008,62,Auburn,4-8,-2.5,-7.7,94,+4.0,36,+1.2,30,196.4,72,0.023,53
2008,63,Baylor,4-8,-3.1,+6.1,31,-5.3,85,-4.0,114,212.8,45,-0.054,79
2008,64,Nevada,7-6,-3.3,+6.1,32,-6.1,87,-3.3,111,212,48,-0.052,77
2008,65,Central Michigan,8-5,-3.6,+6.5,30,-10.5,105,+0.4,52,197.4,69,-0.011,63
2008,66,Northern Illinois,6-7,-4.0,-3.8,77,+0.6,56,-0.8,77,199.3,66,0,60
2008,67,Arizona State,5-7,-4.1,-6.8,89,+2.7,46,0.0,64,199.6,64,-0.046,74
2008,68,Western Michigan,9-4,-4.2,-0.2,64,-4.8,82,+0.8,37,199.4,65,-0.041,72
2008,69,Temple,5-7,-4.5,-8.1,99,+1.9,52,+1.8,20,191.7,83,-0.009,62
2008,70,Arkansas,4-8,-4.7,+1.7,55,-3.0,73,-3.4,112,205.1,56,-0.058,81
2008,71,Purdue,4-8,-4.9,-5.5,82,+2.3,49,-1.7,94,202.8,60,-0.026,67
2008,72,Kentucky,7-6,-5.3,-7.5,93,+0.1,60,+2.1,16,193.5,79,-0.029,68
2008,73,Michigan,3-9,-5.8,-5.9,85,+1.8,53,-1.7,97,195.5,74,-0.036,70
2008,74,Akron,5-7,-6.0,+0.6,60,-7.3,90,+0.7,42,194.6,76,-0.036,70
2008,75,New Mexico,4-8,-6.0,-11.4,108,+5.2,31,+0.2,54,201,61,-0.082,83
2008,76,Minnesota,7-6,-6.1,-3.7,76,-2.5,72,+0.1,57,191.1,85,-0.043,73
2008,77,Memphis,6-7,-6.2,+3.0,45,-7.5,92,-1.7,95,192.9,81,-0.051,76
2008,78,Duke,4-8,-6.5,-5.8,84,+0.4,57,-1.1,82,188,90,0.014,56
2008,79,Marshall,4-8,-6.8,-6.9,90,-0.1,62,+0.1,57,190.3,86,-0.033,69
2008,80,Colorado State,7-6,-7.3,+1.9,53,-7.8,94,-1.4,90,196.6,71,-0.093,85
2008,81,Fresno State,6-7,-8.0,+0.5,61,-8.8,99,+0.3,53,196.1,73,-0.067,82
2008,82,UTEP,5-7,-9.4,+2.9,46,-14.1,116,+1.7,21,193.8,78,-0.055,80
2008,83,Kansas State,5-7,-10.2,-2.4,68,-10.2,104,+2.4,10,189.3,87,-0.112,90
2008,84,UNLV,5-7,-10.7,+2.9,47,-13.6,114,+0.0,61,187.3,93,-0.127,94
2008,85,UCLA,4-8,-10.9,-11.6,109,+0.8,55,-0.1,67,192.6,82,-0.117,91
2008,86,UL-Lafayette,6-6,-10.9,+3.2,44,-13.3,112,-0.9,78,193.1,80,-0.125,93
2008,87,Ohio,4-8,-11.1,-8.0,98,-1.3,64,-1.8,98,189.2,88,-0.052,77
2008,88,Central Florida,4-8,-11.1,-18.5,119,+6.8,26,+0.5,48,182.3,99,-0.047,75
2008,89,Florida Atlantic,7-6,-11.2,-5.1,80,-4.2,80,-2.0,99,196.8,70,-0.132,97
2008,90,Louisville,5-7,-11.6,-4.9,79,-4.0,78,-2.7,108,191.3,84,-0.083,84
2008,91,Arkansas State,6-6,-12.5,-6.9,91,-3.5,74,-2.0,102,194.3,77,-0.129,96
2008,92,San Jose State,6-6,-13.1,-17.0,118,+3.9,37,0.0,65,187.6,91,-0.146,102
2008,93,Louisiana Tech,8-5,-13.2,-9.0,101,-6.9,88,+2.7,5,182.3,100,-0.136,98
2008,94,Syracuse,3-9,-13.4,-6.5,87,-7.4,91,+0.5,47,183.5,97,-0.103,87
2008,95,Colorado,5-7,-14.7,-12.7,113,+1.6,54,-3.6,113,176.8,107,-0.105,88
2008,96,Indiana,3-9,-14.9,-6.1,86,-9.6,102,+0.8,39,185.7,95,-0.168,107
2008,97,Iowa State,2-10,-15.3,-5.8,83,-9.4,101,-0.2,68,183.9,96,-0.173,109
2008,98,UAB,4-8,-15.5,-2.5,70,-13.6,113,+0.5,46,181.5,101,-0.128,95
2008,99,Middle Tennessee,5-7,-15.8,-7.9,96,-8.4,97,+0.4,50,181,102,-0.124,92
2008,100,Toledo,3-9,-15.9,-5.3,81,-8.4,98,-2.2,104,187,94,-0.148,103
2008,101,Florida International,5-7,-16.0,-12.2,111,-4.8,81,+1.0,34,187.3,92,-0.176,110
2008,102,Mississippi State,4-8,-16.0,-10.2,105,-1.7,67,-4.1,116,178.9,105,-0.108,89
2008,103,Hawaii,7-7,-16.6,-7.9,97,-7.2,89,-1.5,93,188.3,89,-0.163,105
2008,104,Kent State,4-8,-16.6,-2.5,69,-8.8,100,-5.3,119,181,103,-0.099,86
2008,105,Utah State,3-9,-17.0,-8.3,100,-8.0,95,-0.7,76,180.9,104,-0.176,110
2008,106,Army,3-9,-18.3,-15.8,116,-1.8,70,-0.7,75,172,109,-0.141,100
2008,107,Texas A&M,4-8,-18.4,-2.6,72,-14.7,117,-1.1,83,182.9,98,-0.189,113
2008,108,SMU,1-11,-19.0,-9.0,102,-11.3,107,+1.3,27,174.8,108,-0.165,106
2008,109,UL-Monroe,4-8,-21.0,-7.8,95,-13.2,111,+0.0,60,170.2,111,-0.152,104
2008,110,Wyoming,4-8,-21.6,-11.9,110,-4.8,83,-4.9,117,177.7,106,-0.169,108
2008,111,Miami (Ohio),2-10,-22.3,-11.3,107,-11.8,108,+0.8,41,167.9,114,-0.145,101
2008,112,New Mexico State,3-9,-23.5,-12.7,114,-8.3,96,-2.5,106,170.1,112,-0.214,115
2008,113,Tulane,2-10,-23.7,-10.1,104,-10.8,106,-2.8,109,171,110,-0.21,114
2008,114,Eastern Michigan,3-9,-25.2,-7.2,92,-12.5,110,-5.6,120,152.9,119,-0.137,99
2008,115,San Diego State,3-9,-25.8,-9.4,103,-15.0,118,-1.4,92,169,113,-0.231,116
2008,116,Western Kentucky,2-10,-27.2,-16.0,117,-10.0,103,-1.1,85,161.1,115,-0.185,112
2008,117,Washington,0-12,-28.4,-13.1,115,-13.6,115,-1.7,96,159.3,116,-0.256,117
2008,118,Idaho,2-10,-32.5,-11.0,106,-19.3,120,-2.3,105,153.1,118,-0.307,118
2008,119,North Texas,1-11,-36.0,-12.4,112,-18.5,119,-5.1,118,157.4,117,-0.338,120
2008,120,Washington State,2-11,-37.2,-20.6,120,-12.5,109,-4.1,115,148.3,120,-0.308,119
2007,1,LSU,12-2,+33.7,+15.1,5,+17.6,3,+1.1,36,261.2,3,0.282,1
2007,2,Ohio State,11-2,+33.4,+12.2,10,+19.9,1,+1.3,29,277.6,1,0.202,8
2007,3,USC,11-2,+33.1,+11.1,15,+19.6,2,+2.4,14,262.4,2,0.261,3
2007,4,West Virginia,11-2,+32.7,+13.7,6,+16.2,4,+2.8,10,259.8,4,0.262,2
2007,5,Florida,9-4,+29.5,+23.6,1,+2.2,50,+3.7,2,249.3,5,0.231,5
2007,6,Oregon,9-4,+27.8,+15.4,3,+11.8,15,+0.6,47,244,10,0.256,4
2007,7,Oklahoma,11-3,+27.3,+10.4,16,+14.1,11,+2.8,8,247.9,7,0.208,7
2007,8,Virginia Tech,11-3,+25.1,+4.8,38,+16.1,5,+4.2,1,247.1,8,0.186,12
2007,9,Missouri,12-2,+23.8,+15.4,4,+8.3,22,+0.1,62,248.6,6,0.19,10
2007,10,Georgia,11-2,+23.8,+9.7,17,+11.7,16,+2.4,13,231,22,0.222,6
2007,11,South Florida,9-4,+22.9,+6.7,27,+15.6,7,+0.6,49,239.2,12,0.194,9
2007,12,Kansas,12-1,+22.0,+6.3,31,+14.5,9,+1.2,33,245.1,9,0.152,20
2007,13,Clemson,9-4,+21.9,+6.5,29,+13.6,12,+1.7,24,239.6,11,0.187,11
2007,14,Cincinnati,10-3,+21.0,+7.1,26,+11.3,17,+2.7,11,232.3,19,0.183,13
2007,15,BYU,11-2,+21.0,+11.8,12,+8.7,20,+0.4,55,238.7,13,0.177,14
2007,16,Auburn,9-4,+20.8,+5.9,33,+14.2,10,+0.8,43,233.7,17,0.177,14
2007,17,Tennessee,10-4,+18.3,+12.1,11,+5.4,36,+0.8,42,227,24,0.157,18
2007,18,Texas,10-3,+17.8,+9.6,18,+6.3,32,+1.9,20,236,15,0.126,26
2007,19,Boston College,11-3,+16.5,+11.5,14,+7.1,29,-2.2,105,231.1,20,0.156,19
2007,20,Arizona State,10-3,+16.2,+7.1,25,+8.2,23,+0.9,40,220,35,0.159,17
2007,21,Kentucky,8-5,+15.8,+11.8,13,+4.5,44,-0.5,76,225.3,25,0.128,25
2007,22,Illinois,9-4,+15.4,+8.5,21,+6.6,31,+0.4,57,234.5,16,0.116,28
2007,23,Arkansas,8-5,+15.4,+8.0,23,+7.5,27,-0.2,70,221.6,32,0.147,21
2007,24,UCLA,6-7,+14.7,-3.1,76,+14.6,8,+3.2,5,222.4,31,0.141,22
2007,25,California,7-6,+14.2,+8.9,20,+5.4,35,-0.1,69,221.3,33,0.138,24
2007,26,Texas Tech,9-4,+14.0,+13.2,7,+0.0,57,+0.8,44,233.5,18,0.1,32
2007,27,Oregon State,9-4,+13.7,-0.9,56,+15.8,6,-1.1,86,225,27,0.161,16
2007,28,Michigan,9-4,+13.7,+0.7,53,+12.7,13,+0.3,58,225,26,0.141,22
2007,29,Penn State,9-4,+13.4,+5.2,36,+7.3,28,+1.0,37,237.5,14,0.069,41
2007,30,Utah,9-4,+12.7,-2.5,71,+12.2,14,+3.0,6,223.8,30,0.095,33
2007,31,Rutgers,8-5,+11.2,+7.4,24,+4.7,43,-0.9,80,231.1,21,0.062,45
2007,32,Connecticut,9-4,+10.7,+1.0,50,+8.0,26,+1.7,23,217,37,0.078,39
2007,33,Arizona,5-7,+10.2,+3.7,43,+5.2,38,+1.3,32,213.2,43,0.117,27
2007,34,Alabama,7-6,+10.2,+1.6,48,+7.0,30,+1.6,25,210.6,48,0.116,28
2007,35,Central Florida,10-4,+9.8,-1.4,60,+9.1,19,+2.0,17,220.7,34,0.061,46
2007,36,Boise State,10-3,+9.6,+4.2,40,+2.2,51,+3.3,4,227.7,23,0.054,48
2007,37,South Carolina,6-6,+9.5,+2.9,44,+6.1,34,+0.5,54,215.9,40,0.109,30
2007,38,Louisville,6-6,+9.0,+15.5,2,-5.0,82,-1.5,93,216.9,38,0.063,43
2007,39,Michigan State,7-6,+8.4,+5.7,34,+1.7,53,+1.0,38,218.8,36,0.09,35
2007,40,Wisconsin,9-4,+8.1,+6.2,32,0.0,58,+1.9,19,216.3,39,0.08,38
2007,41,Hawaii,12-1,+8.0,+6.7,28,+2.6,49,-1.3,91,223.9,29,0.023,55
2007,42,Oklahoma State,7-6,+7.9,+12.6,9,-3.7,74,-1.0,83,225,28,0.047,50
2007,43,TCU,8-5,+6.9,-3.2,78,+8.2,24,+2.0,18,212.2,45,0.054,48
2007,44,Virginia,9-4,+6.7,+2.3,46,+5.1,40,-0.7,77,208.3,55,0.101,31
2007,45,Wake Forest,9-4,+6.5,-2.3,69,+6.2,33,+2.6,12,205.5,59,0.091,34
2007,46,Florida State,7-6,+5.9,-0.6,55,+5.2,37,+1.3,31,210.1,49,0.084,36
2007,47,Maryland,6-7,+5.5,+2.5,45,+1.7,54,+1.3,30,207.6,57,0.069,41
2007,48,Mississippi State,8-5,+4.9,-3.4,79,+8.0,25,+0.2,60,202.4,64,0.084,36
2007,49,Troy,8-4,+4.8,-2.2,68,+4.9,41,+2.2,16,209.3,52,0.017,57
2007,50,Washington,4-9,+4.7,+6.4,30,-1.7,64,+0.1,65,208.4,54,0.074,40
2007,51,Georgia Tech,7-6,+4.5,+4.3,39,-2.0,65,+2.3,15,208.8,53,0.063,43
2007,52,Pittsburgh,5-7,+4.4,-5.0,86,+9.7,18,-0.4,72,205.1,60,0.055,47
2007,53,Fresno State,9-4,+3.5,+4.0,41,-3.9,75,+3.3,3,209.6,51,0.018,56
2007,54,Air Force,9-4,+2.7,+8.2,22,-4.7,80,-0.8,78,212.4,44,0.046,51
2007,55,New Mexico,9-4,+2.5,-7.1,93,+8.5,21,+1.2,34,212,46,-0.013,59
2007,56,Tulsa,10-4,+2.4,+9.3,19,-4.9,81,-2.0,103,215.2,41,0.024,54
2007,57,Colorado,6-7,+0.8,-3.6,81,+3.9,45,+0.5,51,202.1,65,0.029,52
2007,58,Purdue,8-5,+0.5,-2.0,66,+2.1,52,+0.4,56,210.7,47,-0.015,61
2007,59,Kansas State,5-7,-0.2,+1.1,49,-4.1,77,+2.8,9,207.6,56,-0.049,71
2007,60,Texas A&M,7-6,-1.7,+0.2,54,-2.2,66,+0.3,59,214.4,42,-0.035,67
2007,61,Washington State,5-7,-2.0,+4.9,37,-3.7,72,-3.2,110,202,66,-0.018,62
2007,62,North Carolina,4-8,-2.4,-3.9,84,+1.4,55,+0.1,64,195.1,72,-0.002,58
2007,63,Navy,8-5,-2.8,+12.6,8,-15.5,117,+0.1,61,198.6,68,-0.014,60
2007,64,N.C. State,5-7,-3.1,-4.6,85,+0.9,56,+0.6,49,194.7,74,-0.04,70
2007,65,Southern Miss,7-6,-3.3,-3.2,77,-1.0,62,+0.9,39,204,61,-0.018,62
2007,66,Stanford,4-8,-3.4,-2.7,73,-0.7,59,+0.0,67,187.5,87,0.027,53
2007,67,East Carolina,8-5,-3.4,-1.5,62,-0.9,60,-1.1,84,209.9,50,-0.038,69
2007,68,Miami,5-7,-3.5,-6.7,92,+5.2,39,-1.9,100,195.8,70,-0.019,64
2007,69,Indiana,7-6,-4.0,-1.5,61,-3.4,71,+0.8,41,203.8,62,-0.036,68
2007,70,Iowa,6-6,-4.2,-8.7,101,+4.9,42,-0.4,75,195,73,-0.023,65
2007,71,Vanderbilt,5-7,-4.2,-5.1,87,+3.3,46,-2.4,107,192.9,77,-0.028,66
2007,72,Nebraska,5-7,-4.3,+5.4,35,-11.2,102,+1.5,27,207.3,58,-0.097,86
2007,73,Houston,8-5,-5.7,-2.8,74,-0.9,61,-2.0,101,202.7,63,-0.06,73
2007,74,Florida Atlantic,8-5,-6.6,-3.8,83,-1.2,63,-1.6,95,195.4,71,-0.074,77
2007,75,Colorado State,3-9,-8.7,-1.8,65,-6.5,87,-0.4,74,190.8,82,-0.079,78
2007,76,Ball State,7-6,-8.9,-2.4,70,-7.3,89,+0.7,46,191,79,-0.049,71
2007,77,Ole Miss,3-9,-8.9,-2.7,72,-2.6,69,-3.6,112,193,76,-0.065,75
2007,78,Marshall,3-9,-9.2,+0.8,51,-10.1,98,+0.0,66,190.9,81,-0.073,76
2007,79,Wyoming,5-7,-9.4,-9.8,103,+2.7,48,-2.3,106,194,75,-0.095,85
2007,80,Nevada,6-7,-9.7,+1.8,47,-7.8,93,-3.7,113,200.2,67,-0.122,89
2007,81,UTEP,4-8,-9.8,+0.7,52,-12.4,107,+1.8,21,190.4,83,-0.084,81
2007,82,Western Michigan,5-7,-10.3,-7.8,97,-2.4,67,-0.1,68,191.8,78,-0.093,84
2007,83,Central Michigan,8-6,-11.1,+4.0,42,-13.9,113,-1.2,88,196.6,69,-0.091,83
2007,84,Northwestern,6-6,-11.4,-2.1,67,-7.4,90,-1.9,99,190.9,80,-0.079,78
2007,85,Middle Tennessee,5-7,-11.5,-5.3,88,-5.2,84,-1.0,82,184.7,90,-0.109,87
2007,86,Arkansas State,5-7,-11.6,-7.3,94,-3.1,70,-1.1,87,187.5,86,-0.119,88
2007,87,Notre Dame,3-9,-13.9,-13.8,116,+2.8,47,-2.9,109,180,100,-0.064,74
2007,88,Minnesota,1-11,-14.0,-0.9,57,-12.8,109,-0.4,73,183.1,91,-0.088,82
2007,89,UL-Monroe,6-6,-14.4,-5.9,91,-7.6,92,-0.8,79,185.9,88,-0.128,92
2007,90,UNLV,2-10,-14.4,-8.1,99,-4.6,79,-1.7,96,180.5,98,-0.123,90
2007,91,Ohio,6-6,-14.8,-8.3,100,-8.3,96,+1.8,22,183.1,92,-0.14,96
2007,92,Bowling Green,8-5,-15.4,-3.6,82,-11.5,104,-0.3,71,190,84,-0.155,101
2007,93,Louisiana Tech,5-7,-15.5,-11.8,110,-2.5,68,-1.2,89,189.3,85,-0.164,103
2007,94,SMU,1-11,-15.5,-3.6,80,-12.5,108,+0.5,52,185.2,89,-0.138,94
2007,95,Iowa State,3-9,-15.6,-7.6,95,-5.2,83,-2.8,108,181.2,96,-0.128,92
2007,96,Toledo,5-7,-15.9,-1.2,58,-15.2,116,+0.5,53,182.1,94,-0.195,112
2007,97,Memphis,7-6,-17.0,-1.8,63,-11.8,105,-3.4,111,180.5,97,-0.152,99
2007,98,San Diego State,4-8,-17.3,-1.8,64,-17.0,119,+1.5,26,176.1,108,-0.138,94
2007,99,Tulane,4-8,-18.7,-9.3,102,-7.4,91,-2.0,102,177.4,104,-0.124,91
2007,100,Miami (Ohio),6-7,-18.9,-13.0,113,-4.2,78,-1.7,97,180.1,99,-0.151,98
2007,101,Duke,1-11,-18.9,-8.1,98,-5.6,86,-5.2,117,170.4,111,-0.081,80
2007,102,New Mexico State,4-9,-19.5,-2.8,75,-10.4,100,-6.3,119,182.3,93,-0.19,110
2007,103,UL-Lafayette,3-9,-19.6,-1.2,59,-14.6,115,-3.7,115,178.6,101,-0.16,102
2007,104,San Jose State,5-7,-20.1,-11.9,112,-6.6,88,-1.6,94,178.4,103,-0.214,119
2007,105,Kent State,3-9,-20.2,-10.4,106,-7.9,94,-1.8,98,181.6,95,-0.17,105
2007,106,Akron,4-8,-20.3,-11.6,108,-9.5,97,+0.8,45,178.5,102,-0.187,109
2007,107,Rice,3-9,-20.5,-5.5,89,-14.0,114,-0.9,81,176,109,-0.166,104
2007,108,Eastern Michigan,4-8,-20.9,-5.8,90,-13.1,110,-2.1,104,168.8,114,-0.152,99
2007,109,Idaho,1-11,-21.5,-13.1,114,-11.3,103,+2.9,7,165.1,116,-0.194,111
2007,110,Syracuse,2-10,-21.6,-10.2,105,-10.2,99,-1.1,85,171.5,110,-0.186,108
2007,111,Army,3-9,-22.0,-18.0,118,-4.1,76,+0.1,63,163.7,117,-0.149,97
2007,112,Temple,4-8,-22.3,-14.9,117,-3.7,73,-3.7,114,177.2,105,-0.206,118
2007,113,Baylor,3-9,-22.6,-11.8,111,-5.4,85,-5.4,118,177,106,-0.182,107
2007,114,Buffalo,5-7,-23.0,-10.7,107,-13.4,111,+1.1,35,176.6,107,-0.197,113
2007,115,UAB,2-10,-24.2,-9.9,104,-15.7,118,+1.5,28,165.3,115,-0.199,115
2007,116,North Texas,2-10,-24.3,-7.7,96,-12.1,106,-4.5,116,169.1,112,-0.181,106
2007,117,Utah State,2-10,-24.9,-11.7,109,-13.8,112,+0.6,47,162.4,118,-0.205,117
2007,118,Northern Illinois,2-10,-25.2,-13.3,115,-10.6,101,-1.4,92,168.8,113,-0.199,115
2007,119,Florida International,1-11,-27.7,-18.3,119,-8.2,95,-1.2,90,158,119,-0.198,114
