Tm,Yr,1D,2sh,2mid,2lng,2D,3sh,3mid,3lng,3D,all
WAS,2013,-0.194,0.095,-0.099,0.05,0.01,-0.059,-0.124,-0.07,-0.088,-0.1
TEN,2013,0,-0.193,0.073,-0.327,-0.166,0.214,0.05,0.773,0.3,0.014
TB,2013,-0.005,-0.334,-0.137,0.022,-0.081,-0.136,-0.318,-0.538,-0.331,-0.104
STL,2013,-0.106,0.138,-0.172,-0.198,-0.13,-0.353,0.103,0.202,-0.027,-0.095
SF,2013,0.155,-0.143,-0.17,-0.065,-0.111,0.001,0.142,0.775,0.284,0.091
SEA,2013,0.108,0.028,-0.052,0.367,0.162,-0.037,0.177,-0.394,-0.039,0.094
SD,2013,0.177,0.029,0.088,0.292,0.16,0.22,0.411,1.06,0.462,0.231
PIT,2013,0.058,0.182,-0.212,0.242,0.075,0.094,-0.443,0.445,-0.035,0.044
PHI,2013,0.235,0.154,0.314,0.36,0.307,0.029,0.094,0.182,0.091,0.229
OAK,2013,-0.026,-0.143,-0.234,-0.352,-0.282,-0.285,0.26,-1.03,-0.257,-0.167
NYJ,2013,-0.271,0.11,-0.182,-0.207,-0.142,0.143,-0.27,0.426,0.064,-0.153
NYG,2013,-0.25,-0.13,0.25,-0.626,-0.241,0.296,-0.118,-0.474,-0.115,-0.22
NO,2013,0.193,-0.283,0.039,0.346,0.107,-0.057,0.717,-0.169,0.177,0.16
NE,2013,0.296,0.27,0.081,0.199,0.164,-0.196,-0.219,0.213,-0.117,0.164
MIN,2013,-0.043,-0.772,0.287,-0.189,-0.11,-0.206,-0.009,0.384,0.041,-0.047
MIA,2013,-0.011,-0.223,0.147,0.191,0.108,-0.044,-0.247,-0.572,-0.245,-0.018
KC,2013,0.141,0.184,-0.05,-0.216,-0.09,0.044,-0.065,-0.003,-0.018,0.03
JAC,2013,-0.281,-0.128,-0.457,-0.212,-0.282,-0.021,-0.875,-0.072,-0.349,-0.298
IND,2013,0.054,0.11,0.032,0.047,0.054,0.102,-0.113,0.033,0.005,0.043
HOU,2013,-0.21,-0.076,-0.187,-0.084,-0.114,0.017,-0.004,-1.076,-0.262,-0.189
GB,2013,-0.043,0.202,0.12,0.356,0.24,0.092,0.187,-0.08,0.091,0.086
DET,2013,-0.068,-0.018,-0.139,0.072,-0.015,0.045,0.03,0.173,0.075,-0.019
DEN,2013,0.238,0.383,0.122,0.549,0.37,0.236,0.701,0.611,0.511,0.335
DAL,2013,0.134,-0.038,0.335,0.068,0.155,-0.052,-0.228,-0.393,-0.217,0.075
CLE,2013,-0.154,0.003,-0.135,-0.25,-0.161,-0.045,0.02,-0.355,-0.104,-0.144
CIN,2013,-0.091,0.189,0.263,0.044,0.145,-0.001,-0.24,0.166,-0.045,0.004
CHI,2013,0.047,0.307,0.191,0.033,0.135,-0.123,0.382,0.79,0.316,0.133
CAR,2013,0.088,-0.08,0.13,-0.046,-0.007,0.196,-0.082,0.569,0.192,0.079
BUF,2013,-0.05,-0.135,-0.368,0.015,-0.131,-0.026,-0.29,-0.387,-0.206,-0.115
BAL,2013,-0.156,-0.127,-0.282,-0.346,-0.281,-0.134,-0.009,-0.604,-0.229,-0.217
ATL,2013,-0.075,-0.257,0.143,0.008,0.008,0.03,0.553,0.222,0.275,0.032
ARI,2013,-0.001,0.182,-0.148,0.106,0.02,-0.113,-0.21,-0.062,-0.143,-0.024
WAS,2012,0.195,-0.008,0.204,-0.013,0.069,0.199,0.334,0.023,0.195,0.153
TEN,2012,-0.226,-0.119,-0.211,-0.279,-0.233,0.053,-0.002,-0.473,-0.123,-0.205
TB,2012,0.035,-0.185,-0.064,0.071,-0.017,0.066,-0.183,0.062,-0.017,0.006
STL,2012,0.041,-0.202,0.01,0.076,0.008,-0.234,-0.433,-0.166,-0.288,-0.047
SF,2012,0.317,0.145,0.005,0.166,0.1,-0.289,-0.239,0.615,-0.037,0.17
SEA,2012,0.201,0.044,0.05,0.246,0.135,-0.046,0.403,0.402,0.24,0.185
SD,2012,-0.022,0.012,-0.226,-0.23,-0.188,0.164,-0.333,-0.134,-0.112,-0.101
PIT,2012,-0.082,0.053,-0.194,-0.131,-0.133,0.122,0.157,0.326,0.184,-0.038
PHI,2012,-0.108,-0.209,-0.212,-0.275,-0.241,0.058,0.602,-0.339,0.119,-0.108
OAK,2012,-0.174,-0.264,-0.128,0.015,-0.075,0.033,-0.156,0.264,0.031,-0.096
NYJ,2012,-0.131,0.019,-0.242,-0.327,-0.241,-0.129,-0.291,-0.556,-0.291,-0.206
NYG,2012,0.062,0.095,0.301,0.255,0.231,0.239,-0.216,0.275,0.101,0.129
NO,2012,0.144,-0.006,0.04,0.18,0.09,0.025,0.203,0.108,0.118,0.119
NE,2012,0.248,0.094,0.094,0.444,0.247,0.418,0.679,0.624,0.552,0.308
MIN,2012,-0.093,-0.15,0.22,0.143,0.123,0.004,0.098,-0.148,0.002,0.003
MIA,2012,-0.029,0.223,-0.114,-0.217,-0.096,-0.104,-0.081,-0.382,-0.168,-0.084
KC,2012,-0.17,0.057,-0.286,-0.441,-0.31,-0.28,-0.297,-0.39,-0.316,-0.251
JAC,2012,-0.108,0.127,-0.301,-0.219,-0.18,-0.356,-0.437,-0.088,-0.323,-0.183
IND,2012,-0.149,-0.232,-0.034,0.111,-0.005,0.157,-0.216,0.866,0.188,-0.029
HOU,2012,-0.01,0.376,0.035,-0.019,0.086,-0.025,0.028,-0.5,-0.123,0.001
GB,2012,0.052,0.155,0.112,0.426,0.264,0.117,0.564,0.468,0.364,0.195
DET,2012,0.053,-0.228,0.312,0.228,0.179,0.203,-0.127,0.529,0.179,0.123
DEN,2012,0.193,0.261,0.247,0.179,0.222,0.136,0.335,0.52,0.28,0.221
DAL,2012,0.087,0.154,0.228,-0.256,0.021,0.165,0.35,-0.509,0.079,0.061
CLE,2012,-0.05,-0.257,-0.081,-0.277,-0.208,-0.158,-0.327,-0.308,-0.256,-0.151
CIN,2012,-0.035,0.125,0.12,-0.036,0.049,0.076,-0.151,-0.35,-0.091,-0.018
CHI,2012,-0.116,-0.008,-0.224,0.05,-0.039,-0.476,0.061,-0.259,-0.201,-0.109
CAR,2012,0.144,0.001,-0.523,0.22,-0.063,0.103,0.168,0.135,0.134,0.071
BUF,2012,-0.162,0.18,0.19,-0.191,0.006,0.199,0.204,-0.006,0.139,-0.043
BAL,2012,0.021,-0.078,0.198,0.032,0.074,-0.245,-0.194,0.584,-0.02,0.03
ATL,2012,0.019,-0.111,0.207,0.226,0.148,-0.167,-0.024,0.246,0.001,0.061
ARI,2012,-0.277,-0.303,-0.148,-0.229,-0.217,-0.171,-0.651,-0.676,-0.511,-0.31
WAS,2011,0.097,-0.029,-0.162,-0.231,-0.167,-0.284,-0.274,-0.193,-0.254,-0.07
TEN,2011,-0.025,0.118,-0.26,-0.158,-0.145,0.352,-0.05,0.651,0.295,0.006
TB,2011,-0.151,0.198,-0.031,-0.213,-0.06,-0.387,0.133,-0.201,-0.131,-0.115
STL,2011,-0.249,-0.421,-0.29,-0.015,-0.156,-0.41,-0.388,-0.644,-0.471,-0.272
SF,2011,0.105,0.039,-0.149,-0.156,-0.114,-0.136,-0.13,-0.355,-0.197,-0.039
SEA,2011,-0.068,0.068,0.071,-0.056,0.004,0.075,-0.581,-0.168,-0.255,-0.087
SD,2011,0.056,-0.557,-0.048,0.305,0.033,0.592,0.041,0.765,0.45,0.13
PIT,2011,-0.02,0.014,0.295,0.201,0.207,-0.098,0.597,0.187,0.25,0.114
PHI,2011,0.1,0.599,-0.061,0.099,0.158,0.059,-0.592,0.672,-0.011,0.098
OAK,2011,0.1,0.19,-0.126,-0.092,-0.047,-0.018,0.033,-0.078,-0.015,0.026
NYJ,2011,-0.129,0.003,0.035,-0.092,-0.027,0.146,-0.243,-0.096,-0.084,-0.083
NYG,2011,0.032,-0.249,0.306,0.095,0.105,0.061,0.511,0.149,0.263,0.105
NO,2011,0.248,0.302,0.178,0.335,0.271,-0.015,0.958,1.108,0.609,0.33
NE,2011,0.285,0.291,0.39,0.355,0.349,0.293,0.421,0.316,0.341,0.319
MIN,2011,-0.27,-0.055,0.129,0.071,0.07,0.088,-0.338,0.185,-0.028,-0.102
MIA,2011,-0.11,-0.38,-0.053,0.124,0.003,-0.135,-0.274,0.153,-0.124,-0.075
KC,2011,-0.207,-0.127,-0.038,-0.259,-0.161,0.023,-0.541,-0.146,-0.216,-0.193
JAC,2011,-0.184,-0.281,-0.359,-0.324,-0.331,-0.266,-0.042,-0.722,-0.306,-0.265
IND,2011,-0.136,0.102,-0.145,-0.127,-0.083,0.151,-0.86,-0.033,-0.364,-0.172
HOU,2011,0.162,-0.118,0.12,-0.043,-0.004,0.278,0.546,-0.851,0.072,0.084
GB,2011,0.226,0.083,0.062,0.655,0.339,0.032,0.643,1.277,0.585,0.338
DET,2011,0.184,0.122,-0.067,0.077,0.04,-0.194,-0.291,0.158,-0.125,0.071
DEN,2011,0.033,-0.242,-0.083,-0.093,-0.115,-0.15,-0.427,-0.448,-0.347,-0.099
DAL,2011,0.026,0.078,0.116,0.106,0.103,-0.475,0.064,0.677,0.05,0.059
CLE,2011,-0.048,-0.126,-0.258,-0.251,-0.234,-0.226,0.131,-0.008,-0.038,-0.112
CIN,2011,-0.003,0.065,0.012,-0.417,-0.173,-0.017,0.435,0.186,0.226,-0.014
CHI,2011,-0.314,-0.008,0.063,-0.216,-0.093,0.088,-0.5,-0.148,-0.202,-0.214
CAR,2011,0.015,0.123,0.036,0.443,0.261,0.724,0.153,0.605,0.462,0.182
BUF,2011,0.041,-0.293,0.09,0.322,0.102,-0.198,0.178,-0.979,-0.244,0.003
BAL,2011,0.1,-0.123,0.018,-0.287,-0.151,0.224,0.237,0.063,0.183,0.029
ATL,2011,-0.029,0.007,0.12,0.121,0.097,-0.105,0.519,0.185,0.181,0.061
ARI,2011,-0.05,-0.26,-0.266,-0.201,-0.237,-0.136,0.124,-1.281,-0.359,-0.184
WAS,2010,-0.097,0.038,-0.093,0.147,0.048,-0.344,-0.108,-0.833,-0.412,-0.113
TEN,2010,0.027,-0.545,-0.099,-0.032,-0.122,0.427,0.09,-0.912,-0.064,-0.045
TB,2010,-0.004,-0.19,0.178,-0.074,-0.016,0.194,0.104,0.965,0.368,0.08
STL,2010,-0.187,-0.408,0.075,-0.127,-0.109,-0.115,-0.354,-0.394,-0.285,-0.181
SF,2010,-0.109,-0.144,-0.03,-0.192,-0.128,0.047,-0.295,-0.004,-0.091,-0.111
SEA,2010,-0.208,-0.41,-0.178,-0.027,-0.168,-0.362,0.482,-0.352,-0.118,-0.173
SD,2010,0.182,0.278,0.011,0.007,0.059,-0.003,0.251,0.555,0.262,0.155
PIT,2010,0.063,0.158,0.074,0.163,0.136,0.351,-0.055,0.785,0.312,0.143
PHI,2010,0.129,-0.087,0.138,0.264,0.159,0.214,-0.257,1.183,0.283,0.173
OAK,2010,-0.048,0.062,-0.241,-0.106,-0.124,0.249,-0.358,-0.091,-0.09,-0.083
NYJ,2010,0.047,0.341,-0.073,-0.183,-0.05,0.325,-0.058,0.077,0.093,0.021
NYG,2010,0.312,0.032,-0.063,-0.074,-0.05,-0.44,0.231,-0.66,-0.273,0.075
NO,2010,-0.033,0.198,0.1,0.047,0.097,0.157,0.137,0.39,0.203,0.064
NE,2010,0.272,0.177,0.525,0.311,0.362,0.546,1.126,0.951,0.843,0.422
MIN,2010,0.07,-0.324,-0.321,-0.082,-0.202,0.106,-1.017,-0.653,-0.486,-0.151
MIA,2010,0.02,0.075,-0.092,0.025,-0.007,-0.05,0.237,-0.219,0.004,0.007
KC,2010,0.088,0.079,-0.002,-0.007,0.012,-0.222,0.237,0.024,0.014,0.044
JAC,2010,0.116,-0.024,0.009,0.02,0.008,-0.059,-0.128,0.067,-0.054,0.039
IND,2010,0.038,0.063,0.331,0.313,0.27,0.225,-0.142,0.139,0.065,0.131
HOU,2010,0.13,0.337,0.275,0.405,0.347,0.244,0.09,0.277,0.192,0.217
GB,2010,0.139,-0.257,0.049,0.36,0.103,-0.146,0.092,0.616,0.089,0.115
DET,2010,-0.091,-0.115,-0.128,-0.055,-0.087,0.027,0.542,0.158,0.242,-0.008
DEN,2010,0.018,0.029,0.072,0.337,0.195,-0.313,-0.556,0.242,-0.259,0.021
DAL,2010,-0.062,-0.077,-0.075,-0.268,-0.164,0.064,0.011,0.459,0.156,-0.047
CLE,2010,0.001,0.17,-0.401,0.104,-0.042,0.086,-0.041,-0.62,-0.162,-0.05
CIN,2010,0.047,0.031,0.039,-0.106,-0.027,-0.164,0.071,0.391,0.027,0.017
CHI,2010,-0.096,-0.08,-0.012,-0.087,-0.059,-0.164,-0.178,-1.069,-0.452,-0.158
CAR,2010,-0.417,0.357,-0.268,-0.616,-0.381,-0.227,-0.245,-0.193,-0.226,-0.358
BUF,2010,-0.144,-0.236,-0.229,-0.096,-0.159,-0.324,0.155,-0.222,-0.126,-0.145
BAL,2010,0.002,0.345,-0.116,0.248,0.158,-0.364,-0.031,0.49,-0.018,0.054
ATL,2010,-0.075,0.023,0.144,0.057,0.073,0.255,0.363,0.538,0.36,0.08
ARI,2010,-0.254,-0.177,-0.129,-0.562,-0.355,-0.203,-0.457,-1.046,-0.554,-0.356
WAS,2009,-0.037,-0.023,0.02,-0.225,-0.111,0.017,-0.602,0.271,-0.124,-0.083
TEN,2009,0.043,-0.037,-0.206,-0.27,-0.215,0.16,0.415,0.731,0.423,0.042
TB,2009,-0.207,-0.525,-0.167,-0.044,-0.15,-0.148,-0.586,0.139,-0.229,-0.193
STL,2009,-0.315,-0.104,-0.114,-0.234,-0.171,-0.191,-0.452,-0.724,-0.434,-0.295
SF,2009,-0.133,-0.193,-0.067,-0.379,-0.263,0.452,0.021,-0.481,0.013,-0.141
SEA,2009,-0.044,0.005,-0.06,-0.435,-0.222,-0.265,-0.426,-0.685,-0.439,-0.196
SD,2009,-0.018,0.172,0.293,0.541,0.39,0.037,0.209,0.908,0.33,0.197
PIT,2009,0.132,-0.001,-0.062,0.581,0.252,-0.215,0.237,-0.009,-0.011,0.144
PHI,2009,0.241,-0.36,-0.107,0.261,0.019,0.081,-0.396,0.294,-0.055,0.097
OAK,2009,-0.256,-0.477,-0.11,-0.227,-0.234,-0.032,-0.611,-0.198,-0.297,-0.258
NYJ,2009,-0.065,0.17,-0.17,-0.29,-0.193,0.101,-0.143,-0.462,-0.131,-0.125
NYG,2009,0.062,0.155,0.023,-0.155,-0.025,0.09,0.442,0.44,0.315,0.087
NO,2009,0.33,0.207,0.271,0.022,0.153,-0.098,0.727,-0.08,0.217,0.243
NE,2009,0.262,0.406,0.222,0.284,0.282,0.08,0.129,0.807,0.237,0.264
MIN,2009,0.074,-0.064,0.383,0.098,0.15,0.226,-0.05,0.481,0.202,0.129
MIA,2009,-0.024,0.126,-0.037,-0.195,-0.073,0.384,0.443,-0.07,0.312,0.041
KC,2009,-0.155,0.202,-0.248,-0.265,-0.171,-0.263,-0.238,-0.199,-0.235,-0.18
JAC,2009,-0.003,0.04,-0.171,-0.057,-0.076,0.053,0.086,0.976,0.266,0.038
IND,2009,0.139,0.088,-0.314,0.36,0.051,0.18,0.455,0.734,0.409,0.168
HOU,2009,0.181,-0.255,0.096,0.174,0.079,-0.099,-0.048,0.117,-0.036,0.099
GB,2009,0.042,0.179,0.123,0.076,0.11,0.374,0.692,0.905,0.636,0.188
DET,2009,-0.251,-0.205,-0.274,-0.161,-0.207,-0.372,-0.231,-0.895,-0.441,-0.284
DEN,2009,-0.005,0.097,-0.011,0.043,0.032,-0.033,-0.107,0.363,0.015,0.013
DAL,2009,0.233,-0.132,0.232,0.4,0.238,-0.128,0.458,0.156,0.144,0.217
CLE,2009,-0.061,-0.2,-0.086,-0.259,-0.19,0.072,-0.291,-0.812,-0.289,-0.164
CIN,2009,-0.083,0.076,0.026,0.079,0.061,0.016,-0.182,0.451,0.023,-0.009
CHI,2009,-0.178,-0.407,-0.292,0.181,-0.078,-0.216,-0.328,-0.802,-0.389,-0.197
CAR,2009,-0.136,0.159,0.286,0.177,0.215,-0.022,-0.082,-0.471,-0.155,-0.02
BUF,2009,-0.136,-0.014,-0.078,-0.171,-0.113,-0.194,-0.488,-0.875,-0.498,-0.207
BAL,2009,0.144,0.304,0.079,0.127,0.145,0.209,0.209,-0.32,0.067,0.128
ATL,2009,-0.069,-0.088,0.068,0.026,0.017,-0.023,0.474,0.658,0.344,0.059
ARI,2009,0.091,0.117,-0.003,0.227,0.13,0.133,-0.292,-0.208,-0.087,0.068
WAS,2008,-0.008,0.366,0.175,0.244,0.235,-0.221,-0.023,0.416,0.006,0.082
TEN,2008,-0.001,0.123,-0.151,0.163,0.04,0.04,0.358,-0.164,0.112,0.04
TB,2008,0.132,0.29,-0.218,-0.112,-0.088,-0.196,-0.24,0.195,-0.122,-0.005
STL,2008,-0.29,-0.141,-0.063,-0.362,-0.219,-0.328,-0.445,-0.294,-0.364,-0.282
SF,2008,-0.153,-0.017,-0.294,-0.245,-0.214,-0.05,-0.287,0.22,-0.064,-0.156
SEA,2008,-0.171,0.085,0.024,-0.031,0.006,0.474,-0.409,-1.04,-0.324,-0.142
SD,2008,0.094,0.182,0.22,0.144,0.178,0.496,0.055,0.78,0.38,0.188
PIT,2008,0.025,0.023,0.163,0.13,0.13,-0.664,-0.022,-0.082,-0.301,-0.015
PHI,2008,0.003,-0.547,0.279,0.21,0.067,0.033,0.095,0.588,0.187,0.065
OAK,2008,-0.111,-0.279,-0.396,-0.053,-0.201,-0.168,-0.362,-1.53,-0.581,-0.261
NYJ,2008,0,0.365,0.245,-0.059,0.15,-0.243,0.163,-1.031,-0.246,0
NYG,2008,0.182,0.289,-0.085,0.213,0.144,-0.029,0.325,0.634,0.281,0.189
NO,2008,0.064,0.126,0.158,0.193,0.165,0.008,0.465,0.956,0.349,0.163
NE,2008,0.024,-0.004,0.259,0.197,0.165,0.177,-0.311,1.061,0.241,0.125
MIN,2008,-0.09,-0.007,-0.416,-0.12,-0.196,-0.067,0.251,-0.171,0.024,-0.099
MIA,2008,0.151,0.076,0.184,0.286,0.212,0.091,-0.001,-0.548,-0.086,0.12
KC,2008,-0.183,-0.175,0.148,0.101,0.053,-0.128,-0.031,-0.366,-0.141,-0.092
JAC,2008,0.027,-0.163,-0.118,0.259,0.046,0.322,-0.207,0.387,0.142,0.06
IND,2008,-0.019,0.023,0.292,0.205,0.192,0.266,0.18,0.781,0.342,0.142
HOU,2008,0.098,-0.124,-0.071,0.067,-0.016,-0.025,0.169,0.367,0.115,0.062
GB,2008,0.077,-0.316,0.116,-0.213,-0.109,0.372,0.473,0.046,0.343,0.073
DET,2008,-0.212,-0.322,-0.082,-0.104,-0.144,-0.025,-0.52,-0.889,-0.496,-0.253
DEN,2008,0.113,-0.01,0.418,0.406,0.306,0.212,0.076,0.196,0.164,0.192
DAL,2008,0.039,0.162,-0.465,-0.156,-0.182,-0.087,0.635,0.361,0.295,0.018
CLE,2008,-0.145,-0.185,-0.228,-0.288,-0.252,-0.006,-0.319,-0.555,-0.273,-0.213
CIN,2008,-0.089,-0.289,-0.367,-0.103,-0.218,-0.229,-0.315,-0.33,-0.287,-0.183
CHI,2008,-0.038,0.16,-0.254,-0.253,-0.151,-0.163,-0.03,-0.05,-0.086,-0.09
CAR,2008,0.112,0.263,0.511,-0.041,0.175,0.217,-0.136,0.27,0.089,0.129
BUF,2008,0.149,-0.129,-0.218,-0.673,-0.41,-0.172,0.018,-0.113,-0.084,-0.098
BAL,2008,-0.151,0.374,0.041,-0.105,0.031,0.165,0.091,0.465,0.228,-0.003
ATL,2008,0.159,-0.129,-0.068,0.047,-0.027,0.047,0.087,0.267,0.123,0.085
ARI,2008,0.112,-0.114,-0.173,0.194,0.012,-0.046,0.06,-0.133,-0.035,0.046
WAS,2007,0.067,0.145,-0.215,-0.077,-0.079,-0.16,-0.042,0.14,-0.042,-0.01
TEN,2007,0.018,0.258,-0.079,-0.106,-0.032,-0.37,-0.183,0.163,-0.167,-0.04
TB,2007,0.1,-0.082,-0.226,0.359,0.066,-0.102,0.167,-0.335,-0.03,0.058
STL,2007,-0.245,-0.035,-0.131,-0.274,-0.187,-0.138,-0.257,-0.394,-0.255,-0.227
SF,2007,-0.268,-0.369,-0.168,-0.358,-0.295,-0.304,-0.351,-0.76,-0.447,-0.322
SEA,2007,0.078,0.042,0.292,0.079,0.148,-0.127,0.05,-0.208,-0.087,0.066
SD,2007,-0.129,-0.207,-0.064,0.358,0.142,0.277,0.125,0.296,0.227,0.046
PIT,2007,-0.029,0.236,0.114,-0.244,-0.037,0.048,0.562,1.039,0.506,0.085
PHI,2007,0.254,0.233,-0.182,0.098,0.028,0.2,0.059,-0.294,0.035,0.124
OAK,2007,-0.324,-0.062,0.11,-0.168,-0.056,0.227,-0.176,-0.537,-0.113,-0.18
NYJ,2007,0.074,-0.178,-0.17,-0.325,-0.241,-0.301,0.246,-0.515,-0.156,-0.093
NYG,2007,0.072,-0.118,0.28,-0.233,-0.041,0.076,-0.027,-0.654,-0.118,-0.011
NO,2007,0.158,-0.047,-0.015,-0.172,-0.084,0.082,0.075,0.329,0.122,0.066
NE,2007,0.329,0.318,0.499,0.7,0.528,0.314,0.42,1.039,0.48,0.435
MIN,2007,-0.072,0.047,0.057,0.22,0.15,-0.139,-0.182,-0.054,-0.123,-0.008
MIA,2007,-0.006,0.007,-0.031,-0.005,-0.009,-0.045,-0.176,-0.543,-0.227,-0.061
KC,2007,-0.233,-0.239,-0.243,-0.231,-0.236,-0.206,0.103,-0.106,-0.067,-0.194
JAC,2007,0.195,0.025,-0.236,0.387,0.098,0.043,0.217,1.474,0.412,0.216
IND,2007,0.14,0.22,0.307,0.39,0.326,0.093,0.36,0.244,0.215,0.222
HOU,2007,-0.093,-0.013,0.071,0.029,0.034,0.278,0.205,-0.082,0.18,0.015
GB,2007,-0.029,0.162,0.37,0.294,0.297,-0.105,0.112,1.301,0.311,0.157
DET,2007,0.049,-0.185,-0.25,-0.058,-0.142,-0.259,-0.179,-0.76,-0.373,-0.103
DEN,2007,-0.006,-0.083,0.091,0.391,0.198,0.232,-0.312,0.599,0.131,0.095
DAL,2007,0.177,0.22,-0.326,0.313,0.08,0.658,0.09,0.199,0.285,0.166
CLE,2007,0.009,0.161,-0.037,0.169,0.106,0.152,0.059,0.415,0.185,0.079
CIN,2007,0.213,0.112,0.064,-0.195,-0.033,0.058,-0.126,0.956,0.183,0.12
CHI,2007,-0.266,-0.367,-0.076,-0.175,-0.177,0.009,-0.081,-0.654,-0.208,-0.221
CAR,2007,-0.089,-0.001,-0.1,-0.168,-0.117,-0.407,-0.026,-0.472,-0.29,-0.147
BUF,2007,-0.058,-0.164,-0.135,-0.018,-0.077,-0.328,-0.05,-0.215,-0.199,-0.097
BAL,2007,-0.053,-0.348,-0.061,-0.328,-0.252,-0.223,0.01,-0.085,-0.099,-0.133
ATL,2007,-0.088,-0.217,-0.237,-0.24,-0.235,0.212,-0.528,-0.195,-0.187,-0.162
ARI,2007,-0.107,0.097,0.25,-0.219,0.003,0.394,-0.132,-0.117,0.04,-0.036
WAS,2006,0.141,0.019,0.004,-0.001,0.004,-0.247,0.188,-0.314,-0.094,0.04
TEN,2006,-0.13,0.395,0.02,-0.215,-0.071,-0.007,-0.333,0.143,-0.065,-0.095
TB,2006,-0.19,0.254,-0.253,-0.114,-0.125,0.196,0.24,-1.368,-0.162,-0.16
STL,2006,0.014,-0.286,0.241,0.077,0.051,-0.006,0.186,-0.224,0.005,0.025
SF,2006,-0.061,-0.139,-0.06,-0.177,-0.13,-0.553,0.363,0.123,-0.046,-0.082
SEA,2006,-0.124,-0.022,0.028,-0.173,-0.09,-0.102,-0.372,0.132,-0.122,-0.112
SD,2006,0.167,0.478,0.333,0.437,0.411,0.391,-0.187,0.444,0.188,0.257
PIT,2006,0.066,0.054,-0.201,0.103,0.01,0.195,0.129,0.201,0.175,0.071
PHI,2006,0.367,-0.234,0.361,0.1,0.113,-0.184,-0.061,0.623,0.061,0.211
OAK,2006,-0.414,0.117,-0.424,-0.386,-0.317,-0.081,-0.172,-1.098,-0.367,-0.37
NYJ,2006,0.009,0.278,-0.104,-0.001,0.009,-0.093,0.542,0.046,0.203,0.056
NYG,2006,0.072,-0.068,0.283,0.221,0.178,0.082,0.174,0.093,0.118,0.12
NO,2006,0.11,-0.34,-0.117,0.315,0.009,0.342,-0.106,0.677,0.216,0.1
NE,2006,0.237,-0.005,-0.057,-0.134,-0.08,0.163,0.297,0.554,0.3,0.141
MIN,2006,-0.132,-0.381,-0.182,-0.16,-0.215,0.06,-0.511,-0.1,-0.202,-0.179
MIA,2006,-0.068,-0.224,-0.181,-0.274,-0.234,-0.002,-0.147,0.535,0.045,-0.1
KC,2006,0.105,-0.053,0.075,-0.052,-0.012,0.313,0.286,-0.453,0.096,0.063
JAC,2006,0.255,0.122,-0.206,-0.052,-0.086,-0.086,0.031,-0.187,-0.048,0.068
IND,2006,0.245,0.13,0.159,0.169,0.156,0.137,0.602,1.481,0.62,0.285
HOU,2006,-0.16,0.38,-0.109,-0.075,0.029,0.191,-0.103,-0.245,-0.03,-0.063
GB,2006,-0.249,-0.086,0.119,0.107,0.074,0.082,0.17,0.131,0.125,-0.049
DET,2006,-0.243,-0.2,-0.032,0.098,-0.002,-0.101,-0.327,0.132,-0.119,-0.134
DEN,2006,-0.045,0.132,-0.164,0.176,0.065,0.031,-0.37,-0.279,-0.218,-0.048
DAL,2006,0.085,-0.21,0.134,0.066,0.036,0.074,0.603,0.438,0.324,0.12
CLE,2006,-0.037,0.083,-0.487,-0.329,-0.291,-0.028,-0.301,-0.351,-0.216,-0.165
CIN,2006,0.227,0.102,0.162,0.183,0.162,0.148,-0.238,-0.184,-0.096,0.14
CHI,2006,-0.101,0.028,0.08,0.103,0.082,-0.157,-0.488,0.264,-0.158,-0.05
CAR,2006,0.036,0.354,0.237,-0.096,0.116,-0.373,-0.382,-0.399,-0.385,-0.022
BUF,2006,-0.081,0.108,0.036,0.069,0.064,-0.391,-0.197,-0.213,-0.281,-0.075
BAL,2006,-0.022,-0.041,0.061,-0.128,-0.055,-0.006,0.451,-0.203,0.154,0.009
ATL,2006,0.051,-0.028,-0.02,0.063,0.021,0.127,-0.219,-0.4,-0.143,-0.006
ARI,2006,-0.229,-0.307,0.023,0.093,0,-0.248,-0.036,0.427,0.015,-0.094
WAS,2005,0.207,-0.136,-0.026,0.014,-0.026,-0.017,-0.379,0.489,0.002,0.081
TEN,2005,0.036,-0.077,-0.341,-0.056,-0.144,-0.081,-0.309,-0.202,-0.192,-0.082
TB,2005,-0.253,-0.021,0.283,-0.037,0.074,0.209,0.092,0.075,0.126,-0.051
STL,2005,-0.096,0.162,-0.326,0.029,-0.087,-0.16,-0.243,0.391,-0.033,-0.079
SF,2005,-0.477,-0.027,-0.011,-0.368,-0.209,-0.018,-0.212,-1.52,-0.587,-0.404
SEA,2005,0.292,0.213,0.262,0.288,0.263,0.634,0.101,0.039,0.308,0.285
SD,2005,0.208,0.623,-0.015,0.207,0.211,0.196,0.291,0.306,0.263,0.221
PIT,2005,0.134,-0.095,0.38,0.232,0.226,-0.06,-0.008,-0.276,-0.092,0.12
PHI,2005,-0.034,-0.455,0.112,-0.228,-0.143,0.31,-0.037,-0.495,-0.055,-0.075
OAK,2005,-0.028,-0.016,-0.09,0.014,-0.025,-0.09,0.263,-0.001,0.069,-0.006
NYJ,2005,-0.206,-0.018,-0.356,-0.091,-0.174,-0.141,-0.193,-0.357,-0.216,-0.198
NYG,2005,0.231,0.04,-0.226,0.028,-0.057,0.192,-0.142,0.358,0.115,0.102
NO,2005,-0.074,-0.371,-0.079,-0.002,-0.084,-0.26,-0.503,0.043,-0.271,-0.12
NE,2005,0.151,0.161,0.021,0.274,0.175,0.324,-0.176,0.696,0.225,0.175
MIN,2005,-0.236,-0.171,0.175,-0.137,-0.044,-0.137,-0.306,0.25,-0.072,-0.139
MIA,2005,-0.012,0.006,-0.134,-0.106,-0.099,-0.256,-0.069,-0.096,-0.142,-0.073
KC,2005,0.304,0.042,0.346,0.103,0.175,0.088,0.43,0.029,0.199,0.237
JAC,2005,-0.055,-0.258,0.018,0.073,0.012,0.089,0.12,0.913,0.328,0.056
IND,2005,0.224,0.101,0.266,0.293,0.231,-0.087,0.539,0.779,0.313,0.245
HOU,2005,-0.192,-0.36,0.158,0.124,0.06,-0.286,-0.32,-0.822,-0.415,-0.154
GB,2005,-0.005,0.096,-0.312,-0.161,-0.158,0.16,0.115,-0.028,0.09,-0.039
DET,2005,-0.237,-0.142,0.205,-0.486,-0.203,-0.156,-0.21,0.413,-0.024,-0.171
DEN,2005,0.346,0.166,0.212,0.286,0.237,0.113,0.328,0.084,0.173,0.269
DAL,2005,-0.115,-0.097,0.178,0.129,0.099,0.038,-0.062,0.674,0.179,0.025
CLE,2005,-0.074,-0.025,-0.029,-0.123,-0.073,-0.129,-0.276,-0.428,-0.254,-0.117
CIN,2005,0.181,0.488,0.147,0.309,0.29,0.063,0.279,0.325,0.223,0.229
CHI,2005,-0.119,0.246,-0.229,-0.195,-0.142,-0.474,-0.008,-0.459,-0.302,-0.171
CAR,2005,-0.041,-0.146,-0.017,-0.009,-0.038,0.311,0.153,-0.04,0.159,0.006
BUF,2005,-0.191,0.03,-0.206,-0.052,-0.08,-0.337,0.039,-0.69,-0.308,-0.18
BAL,2005,-0.104,-0.005,-0.278,-0.419,-0.314,0.213,0.337,-0.147,0.153,-0.117
ATL,2005,0.066,-0.239,-0.14,0.058,-0.05,-0.081,0.368,-0.022,0.093,0.033
ARI,2005,-0.128,-0.314,-0.218,0.151,-0.051,-0.14,0.059,-0.208,-0.099,-0.095
WAS,2004,-0.231,-0.307,0.025,0.06,-0.015,-0.275,-0.408,-0.526,-0.388,-0.186
TEN,2004,0.02,-0.05,-0.258,0.377,0.074,-0.025,-0.457,-0.428,-0.284,-0.032
TB,2004,0.017,0.015,-0.245,-0.157,-0.167,-0.255,0.407,-0.737,-0.085,-0.071
STL,2004,-0.042,-0.321,-0.171,-0.018,-0.128,0.064,0.179,0.023,0.093,-0.041
SF,2004,-0.146,-0.156,-0.438,-0.285,-0.309,-0.225,-0.181,-0.144,-0.188,-0.212
SEA,2004,0.106,0.122,0.056,0.155,0.116,0.058,-0.37,-0.548,-0.272,0.028
SD,2004,0.024,0.243,0.015,0.267,0.187,0.357,0.672,0.208,0.422,0.167
PIT,2004,0.113,0.193,0.189,-0.07,0.077,0.432,0.458,0.201,0.394,0.163
PHI,2004,0.071,0.375,0.45,0.099,0.267,0.085,-0.063,0.342,0.106,0.147
OAK,2004,0.162,0.092,0.089,-0.533,-0.193,0.252,-0.186,-0.209,-0.03,-0.005
NYJ,2004,0.308,0.286,0.173,-0.063,0.102,0.329,0.074,0.147,0.185,0.208
NYG,2004,-0.046,0.28,-0.105,-0.091,-0.001,-0.35,-0.4,-0.621,-0.44,-0.112
NO,2004,-0.119,-0.29,0.107,-0.139,-0.088,-0.24,0.096,-0.546,-0.208,-0.128
NE,2004,0.088,0.338,0.193,0.32,0.274,0.212,0.239,1.14,0.477,0.233
MIN,2004,0.02,-0.037,0.158,0.198,0.114,0.324,0.308,1.604,0.605,0.173
MIA,2004,-0.317,-0.201,-0.23,-0.347,-0.296,-0.223,-0.115,-0.412,-0.248,-0.295
KC,2004,0.24,0.195,0.267,0.317,0.273,0.772,0.192,1.03,0.6,0.316
JAC,2004,-0.137,-0.143,-0.11,-0.019,-0.072,-0.016,-0.199,1.13,0.202,-0.035
IND,2004,0.294,0.091,0.251,0.737,0.405,0.013,0.328,0.308,0.204,0.318
HOU,2004,-0.014,0.197,-0.33,-0.02,-0.077,-0.113,0.101,0.261,0.063,-0.018
GB,2004,0.088,0.156,0.086,0.167,0.133,0.162,0.143,1.163,0.403,0.171
DET,2004,-0.072,-0.417,-0.026,-0.021,-0.106,-0.046,0.011,-0.393,-0.147,-0.101
DEN,2004,0.129,-0.022,-0.091,0.416,0.146,0.106,-0.167,0.686,0.142,0.138
DAL,2004,-0.086,-0.353,0.271,0.029,0.054,-0.267,-0.459,0.451,-0.119,-0.046
CLE,2004,-0.117,0.007,-0.255,-0.297,-0.23,-0.242,0.111,-0.064,-0.047,-0.142
CIN,2004,-0.021,-0.035,0.16,-0.094,0.008,0.17,0.364,-0.011,0.192,0.037
CHI,2004,-0.314,-0.18,-0.08,-0.366,-0.237,-0.255,-0.3,-1.413,-0.654,-0.365
CAR,2004,-0.066,-0.055,0.216,0.165,0.141,-0.281,-0.009,-0.009,-0.094,0
BUF,2004,-0.027,-0.487,-0.13,-0.011,-0.122,0.006,-0.095,0.069,-0.022,-0.059
BAL,2004,0.032,0.204,0.14,-0.258,-0.054,-0.344,-0.068,0.258,-0.066,-0.021
ATL,2004,0.026,-0.131,-0.317,-0.144,-0.197,0.024,-0.006,-0.911,-0.203,-0.105
ARI,2004,-0.111,-0.084,-0.335,-0.287,-0.264,-0.546,-0.17,-0.707,-0.418,-0.237
WAS,2003,-0.056,-0.026,-0.028,-0.063,-0.044,-0.154,-0.038,-0.174,-0.122,-0.067
TEN,2003,0.045,0.305,0.035,0.135,0.137,0.294,0.347,0.906,0.503,0.174
TB,2003,0.047,-0.214,0.111,0.041,0.02,-0.166,-0.326,0.122,-0.162,-0.01
STL,2003,-0.114,-0.212,0.019,-0.357,-0.217,-0.069,0.344,0.394,0.228,-0.075
SF,2003,0.072,-0.222,0.2,-0.089,-0.012,-0.038,0.693,-0.125,0.244,0.078
SEA,2003,0.132,0.158,-0.086,0.012,0.013,0.314,0.173,1.18,0.498,0.162
SD,2003,-0.021,-0.034,0.354,0.337,0.284,-0.131,0.056,-0.609,-0.2,0.041
PIT,2003,-0.004,0.077,-0.146,-0.161,-0.116,-0.297,-0.099,0.281,-0.087,-0.063
PHI,2003,0.135,0.136,0.432,0.212,0.261,-0.031,0.336,-0.02,0.1,0.171
OAK,2003,0.023,-0.037,-0.045,-0.403,-0.227,0.008,0.075,-0.395,-0.084,-0.091
NYJ,2003,0.197,-0.004,-0.041,0.054,0.014,0.248,-0.1,0.394,0.138,0.12
NYG,2003,-0.06,-0.177,-0.041,-0.131,-0.106,-0.052,-0.268,-0.408,-0.238,-0.113
NO,2003,0.077,-0.194,-0.304,-0.062,-0.16,0.171,0.281,0.076,0.194,0.027
NE,2003,0.097,0.199,-0.126,-0.204,-0.111,0.118,-0.164,0.287,0.041,0.012
MIN,2003,0.065,0.181,0.014,0.255,0.159,0.347,-0.008,0.565,0.242,0.138
MIA,2003,-0.092,0.08,0.18,0.033,0.089,0.161,-0.51,-0.22,-0.191,-0.046
KC,2003,0.347,0.197,0.102,0.538,0.298,0.431,0.462,0.108,0.365,0.334
JAC,2003,0.004,0.293,0.107,-0.176,0.004,-0.254,-0.042,0.583,0.03,0.01
IND,2003,0.3,-0.054,-0.051,0.264,0.083,-0.006,0.359,-0.182,0.096,0.176
HOU,2003,-0.202,-0.304,-0.156,-0.036,-0.113,-0.037,-0.359,0.191,-0.094,-0.147
GB,2003,0.17,0.078,-0.107,0.266,0.09,0.289,0.001,-0.284,0.036,0.114
DET,2003,-0.132,-0.521,-0.506,-0.14,-0.301,-0.097,-0.409,-0.205,-0.241,-0.217
DEN,2003,0.013,0.228,0.398,0.248,0.296,-0.098,0.091,-0.322,-0.067,0.094
DAL,2003,-0.165,-0.082,0.044,-0.05,-0.026,0.165,-0.303,0.291,0.043,-0.068
CLE,2003,-0.13,-0.387,-0.115,0.026,-0.109,-0.085,0.185,0.093,0.038,-0.084
CIN,2003,-0.043,0.416,0.112,0.183,0.196,-0.018,0.37,-0.039,0.134,0.083
CHI,2003,-0.129,-0.009,-0.351,-0.021,-0.122,0.133,-0.395,-0.945,-0.29,-0.168
CAR,2003,0.024,-0.111,-0.047,-0.079,-0.076,-0.251,-0.146,-0.009,-0.147,-0.05
BUF,2003,-0.164,-0.207,0.098,-0.137,-0.073,-0.297,-0.245,-0.341,-0.292,-0.161
BAL,2003,-0.098,0.334,-0.153,-0.159,-0.071,-0.376,-0.011,-0.474,-0.268,-0.127
ATL,2003,-0.136,0.08,0.136,0.012,0.06,0.036,-0.411,-0.377,-0.247,-0.093
ARI,2003,-0.326,-0.132,-0.186,-0.112,-0.137,-0.071,-0.203,-0.13,-0.133,-0.215
WAS,2002,-0.065,-0.179,-0.339,0.049,-0.118,-0.117,-0.063,0.253,-0.007,-0.07
TEN,2002,0.065,0.208,0.158,0.038,0.11,0.194,-0.592,0.688,0.074,0.083
TB,2002,-0.073,-0.242,0.118,-0.187,-0.088,0.028,-0.142,0.598,0.109,-0.038
STL,2002,-0.058,-0.176,0.231,-0.153,-0.031,-0.113,0.104,-1.136,-0.31,-0.102
SF,2002,0.134,0.175,-0.041,-0.012,0.014,0.29,0.85,0.438,0.542,0.192
SEA,2002,0.213,0.06,-0.141,0.088,0.009,-0.013,0.1,-0.324,-0.065,0.081
SD,2002,0.027,0.255,-0.043,-0.088,0.003,-0.064,-0.03,0.194,0.026,0.018
PIT,2002,0.054,-0.09,0.158,-0.022,0.023,-0.085,0.464,0.056,0.153,0.066
PHI,2002,-0.138,0.247,0.034,0.45,0.274,0.064,0.015,0.281,0.098,0.067
OAK,2002,0.212,0.13,0.043,0.351,0.176,0.222,0.148,0.768,0.319,0.22
NYJ,2002,0.098,0.523,0.238,0.384,0.348,-0.222,-0.028,0.688,0.08,0.18
NYG,2002,0.023,-0.006,0.066,0.128,0.081,0.041,0.04,-0.116,-0.006,0.038
NO,2002,-0.062,0.058,-0.12,-0.022,-0.039,0.111,0.061,-0.258,-0.019,-0.044
NE,2002,-0.012,0.122,0.276,-0.057,0.099,0.001,0.323,0.263,0.172,0.072
MIN,2002,0.016,-0.313,0.117,0.038,0.004,0.002,-0.084,0.148,0.012,0.011
MIA,2002,0.174,-0.295,0.079,0.184,0.043,0.029,-0.128,-0.436,-0.126,0.066
KC,2002,0.381,0.301,0.291,0.576,0.415,0.279,-0.043,0.421,0.18,0.354
JAC,2002,0.171,0.223,-0.082,-0.169,-0.083,-0.041,0.292,0.143,0.146,0.078
IND,2002,-0.121,-0.062,0.091,0.064,0.055,-0.043,0.371,0.069,0.144,0.003
HOU,2002,-0.403,-0.29,-0.398,-0.266,-0.307,0.07,-0.649,-1.359,-0.705,-0.433
GB,2002,0.137,-0.038,-0.128,0.103,-0.004,0.016,-0.328,0.052,-0.113,0.03
DET,2002,-0.252,-0.624,0.039,-0.175,-0.196,-0.303,-0.669,-0.054,-0.314,-0.248
DEN,2002,0.168,0.261,0.331,0.121,0.232,0.178,-0.017,-0.115,0.047,0.166
DAL,2002,-0.23,0.075,-0.012,-0.319,-0.15,-0.616,-0.61,0.009,-0.429,-0.245
CLE,2002,-0.09,-0.29,-0.331,0.083,-0.122,0.049,0.218,-0.183,0.075,-0.062
CIN,2002,0,0.173,0.026,-0.025,0.031,0.02,-0.183,-0.716,-0.245,-0.048
CHI,2002,-0.134,-0.161,0.145,-0.4,-0.138,-0.095,-0.007,-0.45,-0.151,-0.139
CAR,2002,-0.061,-0.048,-0.573,-0.212,-0.279,-0.398,-0.546,-0.761,-0.583,-0.252
BUF,2002,0.022,-0.052,-0.036,-0.128,-0.079,0.164,-0.094,0.375,0.127,0.009
BAL,2002,-0.084,-0.016,-0.286,-0.112,-0.161,0.019,0.072,0.341,0.128,-0.061
ATL,2002,-0.067,0.089,-0.248,0.088,-0.011,-0.011,0.117,0.605,0.228,0.016
ARI,2002,-0.192,-0.375,-0.21,-0.21,-0.234,-0.01,0.17,0.34,0.156,-0.123
WAS,2001,-0.094,-0.413,0.06,-0.107,-0.106,-0.015,0.061,-0.698,-0.161,-0.115
TEN,2001,-0.062,-0.348,0.286,0.182,0.138,-0.186,0.664,0.184,0.238,0.076
TB,2001,-0.081,-0.13,0.131,0.339,0.189,-0.097,0.128,-0.207,-0.021,0.029
STL,2001,0.107,0.144,0.266,0.09,0.162,0.313,0.52,0.699,0.487,0.205
SF,2001,0.176,0.22,0.159,0.297,0.231,0.334,0.032,0.453,0.239,0.21
SEA,2001,0.027,0.014,-0.286,0.001,-0.092,-0.011,0.065,0.577,0.172,0.016
SD,2001,0.113,-0.497,0.201,-0.149,-0.088,-0.069,0.171,-0.395,-0.085,0
PIT,2001,0.034,-0.013,0.009,0.137,0.068,0.185,0.476,0.899,0.469,0.147
PHI,2001,0.075,0.02,0.102,-0.141,-0.031,-0.316,0.169,0.372,0.037,0.029
OAK,2001,0.12,0.24,0.175,0.425,0.29,0.014,0.139,0.219,0.104,0.18
NYJ,2001,0.166,0.311,-0.013,-0.492,-0.197,0.105,0.068,0.39,0.164,0.041
NYG,2001,0.1,-0.429,-0.149,0.091,-0.068,0.147,-0.099,-0.388,-0.083,0.002
NO,2001,-0.041,-0.08,-0.072,-0.033,-0.051,-0.333,-0.19,0.143,-0.142,-0.068
NE,2001,0.079,0.152,-0.122,0.177,0.072,0.096,0.189,-0.918,-0.102,0.034
MIN,2001,-0.047,0.121,-0.193,-0.12,-0.102,0.158,-0.161,0.116,0.048,-0.045
MIA,2001,-0.025,-0.138,-0.158,-0.211,-0.179,0.015,0.04,0.638,0.169,-0.032
KC,2001,0.096,0.232,-0.003,0.237,0.158,0.267,-0.177,0.237,0.061,0.111
JAC,2001,-0.019,-0.367,0.227,-0.086,-0.048,-0.094,-0.187,0.648,0.031,-0.019
IND,2001,0.111,-0.076,0.058,-0.081,-0.033,0.428,-0.202,0.213,0.151,0.069
GB,2001,0.01,-0.072,0.223,0.242,0.182,0.345,-0.586,0.498,0.083,0.085
DET,2001,-0.061,0.112,-0.241,-0.092,-0.1,0.01,-0.283,-0.495,-0.245,-0.117
DEN,2001,-0.01,-0.053,-0.095,0.141,0.022,0.087,-0.293,0.366,0.019,0.008
DAL,2001,-0.047,-0.331,-0.04,-0.368,-0.258,-0.403,-0.094,-0.067,-0.193,-0.152
CLE,2001,-0.255,0.061,-0.177,-0.065,-0.081,-0.093,-0.049,-0.799,-0.262,-0.198
CIN,2001,-0.176,0.374,-0.307,-0.074,-0.055,-0.289,0.064,-0.087,-0.091,-0.115
CHI,2001,0.113,0.213,0.096,-0.105,0.024,-0.182,-0.212,-0.452,-0.257,-0.007
CAR,2001,-0.223,-0.127,-0.139,-0.251,-0.189,-0.558,-0.144,-0.841,-0.465,-0.267
BUF,2001,0.052,0.376,-0.301,-0.17,-0.099,0.148,0.026,-0.742,-0.136,-0.044
BAL,2001,-0.035,-0.097,0.085,-0.015,0.002,0.037,-0.104,-1.034,-0.255,-0.07
ATL,2001,-0.15,-0.163,-0.111,-0.261,-0.2,-0.178,-0.254,0.855,0.065,-0.115
ARI,2001,-0.108,0.467,0.01,0.451,0.305,0.061,-0.187,0.077,-0.025,0.052
WAS,2000,-0.007,-0.12,-0.13,0.209,0.043,0.024,0.242,0.068,0.127,0.038
TEN,2000,0.071,-0.193,-0.394,-0.075,-0.193,-0.279,0.117,0.905,0.219,0.009
TB,2000,0.075,0.011,0.313,-0.058,0.081,-0.242,-0.206,0.261,-0.07,0.047
STL,2000,0.262,0.6,0.106,0.246,0.243,0.516,0.163,0.338,0.323,0.267
SF,2000,0.053,0.088,0.254,0.5,0.339,0.473,0.056,0.138,0.223,0.188
SEA,2000,-0.126,-0.061,-0.017,-0.192,-0.115,-0.016,0.435,0.316,0.219,-0.047
SD,2000,-0.325,0.053,-0.069,-0.246,-0.148,0.131,-0.356,-0.771,-0.321,-0.262
PIT,2000,0.08,-0.12,0.201,0.202,0.145,-0.111,-0.317,0.51,-0.024,0.079
PHI,2000,-0.021,0.104,-0.402,0.015,-0.092,0.249,0.074,0.427,0.228,0.009
OAK,2000,0.033,0.353,-0.078,0.532,0.306,0.351,0.193,0.147,0.238,0.173
NYJ,2000,-0.055,0.004,0.016,0.007,0.009,0.058,0.253,-0.078,0.085,-0.001
NYG,2000,-0.039,0.421,0.181,0.226,0.238,0.09,0.029,0.189,0.099,0.089
NO,2000,-0.049,-0.033,0.176,-0.008,0.038,0.178,-0.457,0.31,-0.021,-0.013
NE,2000,-0.059,0.174,-0.226,0.209,0.076,-0.04,-0.204,-0.383,-0.175,-0.044
MIN,2000,0.145,0.04,0.229,0.2,0.18,0.087,0.388,0.377,0.274,0.185
MIA,2000,0.092,0.038,0.061,-0.078,-0.009,-0.202,-0.018,-0.473,-0.198,-0.012
KC,2000,0.197,0.124,0.322,-0.041,0.086,0.454,-0.302,0.128,0.051,0.129
JAC,2000,0.06,-0.087,-0.098,0.019,-0.039,-0.024,0.093,0.907,0.241,0.066
IND,2000,0.311,0.053,0.185,0.24,0.177,0.385,0.321,0.172,0.308,0.264
GB,2000,0.025,-0.098,0.04,-0.071,-0.041,0.164,0.419,-0.039,0.19,0.037
DET,2000,-0.132,0.102,0.137,-0.246,-0.058,-0.323,-0.319,-0.478,-0.37,-0.162
DEN,2000,0.109,0.37,0.093,0.437,0.304,-0.175,0.225,0.867,0.197,0.196
DAL,2000,-0.057,0.013,-0.121,-0.086,-0.076,-0.252,-0.218,-0.329,-0.259,-0.109
CLE,2000,-0.252,-0.323,-0.133,-0.454,-0.327,-0.056,-0.224,-0.743,-0.313,-0.293
CIN,2000,-0.093,0.049,-0.316,-0.439,-0.327,-0.059,-0.066,-0.543,-0.231,-0.204
CHI,2000,-0.024,0.063,-0.288,0.117,-0.017,-0.255,-0.342,-0.236,-0.282,-0.086
CAR,2000,-0.197,-0.419,-0.143,-0.374,-0.312,-0.038,-0.009,0.431,0.098,-0.176
BUF,2000,0.135,-0.342,0.038,0.1,-0.007,-0.21,0.124,-0.166,-0.09,0.035
BAL,2000,-0.211,0.1,0.123,0.106,0.11,-0.366,0.274,-0.49,-0.15,-0.081
ATL,2000,-0.161,-0.233,-0.193,-0.561,-0.383,-0.319,0.005,-1.018,-0.433,-0.296
ARI,2000,-0.017,-0.591,-0.144,-0.573,-0.43,0.039,-0.404,-0.059,-0.156,-0.196
WAS,1999,0.251,0.197,0.245,0.367,0.291,0.164,-0.41,0.583,0.061,0.224
TEN,1999,0.182,0.328,0.104,0.057,0.128,0.225,0.461,0.039,0.259,0.179
TB,1999,-0.179,-0.331,-0.003,0.033,-0.061,0.123,0.142,-0.461,-0.032,-0.102
STL,1999,0.118,0.399,-0.074,0.108,0.115,0.048,0.496,0.758,0.409,0.177
SF,1999,0.103,0.107,0.061,-0.059,0.016,-0.233,-0.374,-0.303,-0.302,-0.017
SEA,1999,0.004,-0.088,0.005,-0.083,-0.057,0.074,-0.15,-0.088,-0.055,-0.03
SD,1999,-0.13,-0.127,-0.316,-0.303,-0.288,0.354,-0.619,0.059,-0.127,-0.185
PIT,1999,-0.107,0.03,0.168,-0.304,-0.075,-0.113,0.2,0.282,0.089,-0.05
PHI,1999,-0.308,-0.178,-0.227,-0.153,-0.177,-0.003,-0.15,-0.377,-0.167,-0.229
OAK,1999,0.091,-0.269,0.297,0.443,0.275,0.214,0.543,0.155,0.327,0.205
NYJ,1999,-0.047,0.086,-0.02,0.155,0.085,-0.237,0.463,0.227,0.117,0.038
NYG,1999,0.006,-0.256,-0.101,-0.094,-0.132,-0.028,-0.219,-0.09,-0.108,-0.068
NO,1999,-0.229,-0.166,-0.475,-0.155,-0.264,-0.219,-0.438,-0.073,-0.24,-0.243
NE,1999,-0.159,-0.274,0.068,0.105,0.034,-0.005,-0.026,-0.255,-0.08,-0.075
MIN,1999,0.117,0.043,-0.126,0.162,0.046,0.297,-0.22,0.678,0.219,0.117
MIA,1999,-0.027,0.16,0.032,-0.162,-0.048,-0.241,-0.176,-0.117,-0.182,-0.069
KC,1999,0.07,0.142,0.109,-0.065,0.022,0.163,0.568,0.667,0.429,0.14
JAC,1999,0.083,0.261,0.36,0.157,0.24,-0.086,-0.24,0.304,-0.033,0.114
IND,1999,0.153,0.226,0.011,0.166,0.137,-0.044,0.156,0.268,0.127,0.142
GB,1999,0.074,0.203,-0.243,0.173,0.045,-0.182,-0.132,0.74,0.152,0.079
DET,1999,0.027,-0.409,-0.121,-0.136,-0.175,0.161,0.566,-0.182,0.188,-0.006
DEN,1999,0.095,-0.041,0.08,-0.143,-0.051,-0.062,0.155,0.087,0.047,0.034
DAL,1999,-0.008,0.127,0.097,0.073,0.091,0.102,0.22,-0.056,0.098,0.05
CLE,1999,-0.128,0.035,0.056,0.041,0.045,-0.004,-0.204,-0.839,-0.322,-0.114
CIN,1999,-0.056,-0.075,-0.302,-0.142,-0.171,0.195,-0.202,-0.249,-0.07,-0.097
CHI,1999,-0.006,-0.21,-0.227,0.047,-0.101,0.061,-0.08,0.031,-0.003,-0.039
CAR,1999,0.116,0.068,0.253,0.111,0.144,-0.707,0.184,0.625,0.009,0.103
BUF,1999,0.037,0.055,0.179,0.148,0.147,0.296,0.472,-0.119,0.264,0.127
BAL,1999,-0.007,-0.058,-0.101,-0.096,-0.09,-0.181,-0.756,-0.485,-0.471,-0.136
ATL,1999,-0.064,0.034,0.033,-0.056,-0.01,-0.352,-0.185,-0.498,-0.344,-0.105
ARI,1999,-0.211,-0.023,-0.201,-0.254,-0.197,-0.041,-0.099,-0.912,-0.315,-0.229
WAS,1998,0.199,0.216,0.057,-0.349,-0.134,0.084,0.137,-0.819,-0.223,-0.003
TEN,1998,0.013,-0.104,0.286,0.145,0.125,-0.008,0.621,0.469,0.357,0.123
TB,1998,-0.092,0.21,-0.226,-0.055,-0.066,0.277,0.008,-0.635,-0.059,-0.075
STL,1998,-0.168,-0.048,0.01,-0.268,-0.135,0.049,0.041,-0.355,-0.068,-0.134
SF,1998,0.263,-0.053,0.423,0.346,0.291,0.256,0.652,0.055,0.344,0.288
SEA,1998,-0.018,0.318,0.088,-0.043,0.068,-0.156,-0.336,-1.256,-0.571,-0.104
SD,1998,-0.312,0.188,-0.021,-0.685,-0.323,0.25,-0.191,-0.118,-0.027,-0.254
PIT,1998,-0.055,0.001,-0.057,-0.388,-0.191,0.043,0.111,0.234,0.123,-0.064
PHI,1998,-0.199,-0.337,-0.312,-0.057,-0.174,-0.106,-0.183,-0.927,-0.368,-0.231
OAK,1998,-0.173,-0.182,0.073,-0.32,-0.178,-0.328,-0.994,-0.078,-0.485,-0.242
NYJ,1998,-0.027,0.147,0.012,0.292,0.179,0.156,0.67,1.016,0.572,0.177
NYG,1998,-0.135,0.087,-0.002,-0.016,0.003,-0.055,-0.361,-0.129,-0.182,-0.095
NO,1998,-0.222,-0.075,-0.536,-0.207,-0.261,-0.169,-0.35,-0.117,-0.213,-0.233
NE,1998,0.078,-0.393,-0.063,-0.095,-0.138,-0.046,0.17,-0.004,0.048,-0.001
MIN,1998,0.26,-0.124,-0.22,0.373,0.08,0.175,0.105,1.202,0.447,0.236
MIA,1998,-0.084,0.305,-0.127,0.238,0.126,-0.301,0.039,0.236,-0.008,0.008
KC,1998,0.105,0.168,-0.147,-0.036,-0.035,0.124,-0.369,-0.516,-0.233,-0.023
JAC,1998,0.025,0.158,-0.032,0.064,0.056,0.134,0.284,0.52,0.296,0.096
IND,1998,0.028,-0.111,0.245,0.149,0.124,-0.451,-0.113,-0.248,-0.28,-0.005
GB,1998,-0.124,-0.218,0.295,0.011,0.061,-0.022,0.633,1.177,0.459,0.067
DET,1998,-0.1,-0.028,-0.375,0.126,-0.047,-0.449,-0.153,0.739,-0.019,-0.063
DEN,1998,0.478,0.116,0.073,0.402,0.233,0.441,-0.392,0.904,0.26,0.345
DAL,1998,0.115,0.274,0.189,0.084,0.156,0.123,-0.112,0.65,0.191,0.146
CIN,1998,0.042,0.034,-0.081,-0.094,-0.067,-0.111,-0.219,0.001,-0.123,-0.036
CHI,1998,0.056,0.059,-0.108,-0.118,-0.085,-0.048,-0.254,-0.172,-0.162,-0.046
CAR,1998,-0.163,-0.334,-0.134,0.119,-0.04,0.054,0.361,-0.415,0.022,-0.077
BUF,1998,0.131,0.078,0.242,0.185,0.184,0.143,0.138,1.064,0.337,0.194
BAL,1998,-0.028,-0.383,0.056,0.017,-0.026,-0.178,0.218,-0.879,-0.226,-0.073
ATL,1998,0.036,-0.136,0.117,0.416,0.234,-0.107,0.049,-0.49,-0.154,0.064
ARI,1998,-0.036,-0.068,-0.067,-0.178,-0.121,0.043,-0.032,-0.069,-0.014,-0.061
WAS,1997,-0.012,0.054,0.019,-0.284,-0.131,0.037,0.023,0.985,0.361,0.024
TEN,1997,-0.099,-0.024,0.106,0.146,0.103,0.066,0.55,-0.177,0.208,0.044
TB,1997,-0.017,-0.008,0.062,-0.239,-0.096,0.272,-0.019,0.564,0.236,0.014
STL,1997,-0.108,-0.292,-0.228,-0.269,-0.261,-0.281,0.119,0.044,-0.029,-0.146
SF,1997,-0.019,0.141,0.317,0.198,0.228,0.1,-0.156,-0.23,-0.089,0.055
SEA,1997,0.158,-0.283,-0.103,-0.047,-0.118,-0.145,-0.138,0.353,-0.003,0.03
SD,1997,-0.25,-0.021,-0.378,-0.455,-0.357,0.007,-0.184,-0.508,-0.23,-0.283
PIT,1997,-0.024,0.155,0.327,0.248,0.257,0.29,0.503,-0.317,0.22,0.129
PHI,1997,0.079,-0.038,0.029,-0.193,-0.09,0.167,-0.128,0.075,0.043,0.012
OAK,1997,0.027,-0.096,-0.347,0.143,-0.036,-0.294,0.021,0.198,-0.029,-0.007
NYJ,1997,-0.122,0.169,0.28,-0.14,0.022,0.173,-0.21,0.372,0.108,-0.02
NYG,1997,0.044,0.311,-0.217,-0.115,-0.078,0.013,-0.053,-0.55,-0.178,-0.049
NO,1997,-0.169,-0.366,-0.798,-0.476,-0.542,-0.194,-0.586,-0.616,-0.437,-0.356
NE,1997,-0.001,-0.185,0.227,0.165,0.123,0.266,0.192,-0.192,0.122,0.072
MIN,1997,0.159,-0.049,0.03,0.137,0.065,0.157,0.16,-0.412,0.013,0.091
MIA,1997,0.064,0.18,0.224,0.262,0.233,-0.147,-0.17,0.858,0.04,0.116
KC,1997,0.116,-0.008,0.182,0.329,0.218,-0.097,-0.037,0.28,0.028,0.133
JAC,1997,0.256,0.159,0.281,0.538,0.369,-0.161,0.219,-0.194,-0.068,0.227
IND,1997,-0.04,-0.071,0.02,-0.374,-0.176,-0.363,0.022,0.422,-0.053,-0.091
GB,1997,0.112,-0.037,0.018,0.458,0.226,0.302,0.145,-0.143,0.131,0.155
DET,1997,0.08,0.216,-0.184,0.275,0.126,-0.01,-0.391,-0.051,-0.158,0.042
DEN,1997,0.078,0.436,0.255,0.302,0.316,0.042,0.023,0.838,0.217,0.194
DAL,1997,0.079,-0.25,-0.154,0.048,-0.069,-0.335,0.154,-0.24,-0.104,-0.015
CIN,1997,0.111,-0.111,0.104,0.335,0.185,0.303,0.52,-0.157,0.286,0.176
CHI,1997,-0.157,-0.237,-0.174,-0.168,-0.181,-0.064,0.386,-0.524,-0.038,-0.136
CAR,1997,-0.184,-0.048,0.05,-0.146,-0.057,0.299,0.058,-0.234,0.059,-0.082
BUF,1997,-0.122,0.2,-0.072,-0.126,-0.038,-0.248,-0.774,-0.612,-0.543,-0.18
BAL,1997,0.011,-0.058,-0.036,0.151,0.042,0.035,-0.063,-0.012,-0.005,0.018
ATL,1997,-0.021,-0.013,-0.135,-0.208,-0.146,-0.101,-0.38,0.804,0.053,-0.048
ARI,1997,-0.068,0.116,-0.189,-0.333,-0.211,-0.033,-0.186,-0.282,-0.165,-0.138
WAS,1996,0.167,-0.229,0.279,0.302,0.209,-0.08,0.131,0.337,0.133,0.174
TB,1996,-0.228,0.24,-0.124,-0.149,-0.06,-0.127,-0.093,-0.183,-0.129,-0.145
STL,1996,-0.243,-0.497,-0.088,-0.498,-0.364,0.178,0.133,-0.977,-0.173,-0.268
SF,1996,0.156,-0.238,0.142,0.328,0.125,0.169,-0.186,-0.255,-0.034,0.1
SEA,1996,-0.051,0.125,-0.16,0.021,-0.032,-0.189,-0.712,-0.002,-0.318,-0.109
SD,1996,-0.105,-0.16,-0.152,-0.129,-0.141,0.024,0.146,0.082,0.084,-0.071
PIT,1996,0.077,0.145,0.433,-0.216,0.084,0.247,-0.365,0.132,-0.017,0.06
PHI,1996,0.015,0.194,0.252,0.29,0.26,0.014,0.084,-0.752,-0.152,0.066
OAK,1996,-0.04,0.106,-0.168,-0.074,-0.061,-0.122,0.657,0.084,0.226,0.012
NYJ,1996,-0.117,-0.402,-0.235,-0.065,-0.175,0.165,0.454,-0.675,-0.026,-0.117
NYG,1996,-0.094,-0.364,-0.113,-0.292,-0.243,-0.253,-0.296,-0.718,-0.378,-0.213
NO,1996,-0.197,0.443,-0.176,-0.083,-0.032,-0.076,-0.454,-0.339,-0.32,-0.171
NE,1996,0.125,-0.008,0.145,-0.007,0.033,-0.016,-0.313,0.007,-0.1,0.039
MIN,1996,-0.183,-0.386,-0.162,0.147,-0.059,-0.187,0.121,0.167,0.035,-0.086
MIA,1996,0.115,-0.299,0.06,-0.111,-0.088,-0.24,0.504,0.457,0.228,0.072
KC,1996,0.198,0.031,0.206,0.247,0.193,0.142,-0.252,-0.459,-0.171,0.115
JAC,1996,-0.035,0.366,-0.093,0.301,0.175,-0.284,-0.045,1.155,0.13,0.076
IND,1996,-0.083,0.057,-0.152,-0.074,-0.064,0.055,-0.303,0.014,-0.089,-0.078
TEN,1996,-0.004,0.247,-0.152,0.114,0.052,-0.023,0.235,-0.291,-0.012,0.014
GB,1996,0.081,0.27,0.135,0.136,0.166,0.192,0.229,0.48,0.274,0.152
DET,1996,0.019,0.39,-0.124,-0.137,-0.018,0.254,0.153,0.179,0.194,0.041
DEN,1996,0.188,0.027,-0.052,0.091,0.029,0.08,0.403,0.213,0.214,0.136
DAL,1996,0.074,-0.256,-0.1,0.22,-0.004,0.127,-0.034,0.3,0.112,0.055
CIN,1996,0.011,-0.005,-0.049,0.232,0.085,0.119,0.007,0.676,0.233,0.086
CHI,1996,0.037,-0.008,0.082,-0.059,-0.005,0.145,-0.125,-0.243,-0.054,0
CAR,1996,0.033,-0.066,-0.091,0.022,-0.033,-0.283,0.066,0.402,-0.004,0
BUF,1996,-0.085,0.124,-0.099,-0.314,-0.139,-0.112,-0.392,-0.066,-0.187,-0.127
BAL,1996,0.252,0.211,0.408,-0.015,0.196,-0.076,0.451,0.45,0.234,0.228
ATL,1996,-0.074,-0.018,0.174,-0.106,0.024,-0.318,-0.132,0.245,-0.058,-0.036
ARI,1996,-0.076,-0.583,-0.128,-0.085,-0.186,0.276,0.279,0.185,0.25,-0.042
WAS,1995,0.017,0.211,-0.074,-0.303,-0.158,0.007,-0.028,0.469,0.137,-0.014
TB,1995,-0.18,0.219,-0.175,-0.087,-0.042,-0.091,-0.195,-0.274,-0.191,-0.134
STL,1995,-0.103,-0.055,0.069,-0.295,-0.143,-0.15,0.13,-0.379,-0.113,-0.119
SF,1995,0.177,0.019,0.261,0.276,0.214,0.043,0.412,0.092,0.158,0.186
SEA,1995,-0.113,-0.098,0.134,0.075,0.054,0.027,0.04,-0.253,-0.056,-0.043
SD,1995,-0.038,0.172,-0.124,0.049,0.024,0.389,0.003,0.507,0.262,0.05
PIT,1995,0.033,-0.186,0.121,-0.029,-0.007,-0.125,0.363,0.131,0.089,0.031
PHI,1995,-0.064,0.05,-0.185,-0.134,-0.106,0.117,-0.291,-0.678,-0.225,-0.116
OAK,1995,0.041,-0.154,0.018,-0.108,-0.073,0.033,-0.145,0.116,-0.011,-0.009
NYJ,1995,-0.309,-0.284,-0.056,-0.607,-0.372,-0.374,0.076,-0.302,-0.205,-0.307
NYG,1995,-0.068,0.484,-0.26,0.049,0.018,0.051,-0.053,-0.743,-0.171,-0.059
NO,1995,0.125,-0.025,0.053,-0.22,-0.083,-0.022,-0.131,0.378,0.043,0.032
NE,1995,-0.148,-0.118,-0.209,0.064,-0.05,-0.115,0.02,-0.086,-0.059,-0.093
MIN,1995,-0.028,-0.315,-0.003,0.195,0.027,0.246,-0.157,0.48,0.166,0.036
MIA,1995,0.143,-0.331,-0.205,0.075,-0.103,-0.096,0.249,0.525,0.165,0.064
KC,1995,-0.052,0.162,0.007,0.145,0.106,0.036,-0.029,0.161,0.046,0.028
JAC,1995,-0.021,-0.342,-0.146,-0.058,-0.137,-0.341,0.115,-0.268,-0.17,-0.093
IND,1995,0.016,0.045,-0.247,-0.179,-0.146,0.218,0.029,0.124,0.129,-0.016
TEN,1995,-0.254,-0.15,0.118,-0.083,-0.034,-0.055,0.205,-0.487,-0.059,-0.129
GB,1995,0.25,0.099,0.014,0.16,0.099,0.183,0.247,0.591,0.306,0.209
DET,1995,0.102,-0.16,0.157,0.428,0.204,0.255,0.128,0.198,0.197,0.158
DEN,1995,0.173,0.401,0.294,0.147,0.254,-0.03,0.07,0.304,0.098,0.188
DAL,1995,0.283,0.432,0.056,0.534,0.366,0.053,-0.141,1.156,0.205,0.296
BAL,1995,-0.012,-0.255,0.072,-0.084,-0.075,-0.107,-0.083,-0.052,-0.082,-0.05
CIN,1995,0.105,0.317,0.008,-0.202,-0.02,-0.097,-0.144,0.12,-0.054,0.025
CHI,1995,0.195,-0.073,0.291,0.236,0.204,0.112,-0.002,0.658,0.194,0.198
CAR,1995,-0.357,0.069,-0.22,-0.203,-0.158,-0.468,0.168,-0.318,-0.199,-0.249
BUF,1995,0.007,0.186,-0.05,0.088,0.071,-0.017,-0.526,-0.718,-0.389,-0.055
ATL,1995,0.225,-0.236,0.254,0.031,0.051,0.173,0.152,0.001,0.128,0.144
ARI,1995,-0.224,-0.123,-0.272,0.024,-0.104,-0.093,-0.703,-0.492,-0.465,-0.229
WAS,1994,-0.067,-0.22,-0.102,-0.076,-0.105,-0.225,-0.062,-0.177,-0.151,-0.099
TB,1994,-0.132,-0.143,0.118,0.017,0.012,-0.133,0.152,-0.181,-0.047,-0.061
SF,1994,-0.007,0.002,0.152,0.47,0.237,0.094,1.182,0.413,0.496,0.189
SEA,1994,-0.124,-0.152,0.052,-0.147,-0.08,0.006,-0.176,-0.339,-0.157,-0.118
SD,1994,-0.032,0.216,0.145,0.079,0.127,0.118,0.152,0.532,0.246,0.086
PIT,1994,0.117,0.043,0.066,0.23,0.133,-0.076,0.239,0.286,0.113,0.122
PHI,1994,0.089,-0.31,0.067,-0.342,-0.206,0.36,-0.239,-0.031,0.066,-0.016
NYJ,1994,0.001,0.155,-0.034,-0.05,-0.006,0.024,-0.243,0.054,-0.062,-0.017
NYG,1994,-0.108,0.259,0.048,0.019,0.068,-0.042,-0.312,-0.423,-0.254,-0.078
NO,1994,0.087,-0.031,0.209,0.297,0.199,-0.149,-0.115,-0.231,-0.157,0.071
NE,1994,0.027,0.32,-0.052,-0.202,-0.058,0.056,0.193,-0.434,0.004,-0.008
MIN,1994,-0.087,-0.033,0.147,-0.085,-0.001,-0.065,-0.138,0.146,-0.017,-0.041
MIA,1994,0.16,0.119,0.15,0.307,0.209,-0.104,-0.016,1.219,0.19,0.184
STL,1994,-0.103,-0.012,-0.036,0.281,0.129,-0.23,-0.322,0.572,-0.052,-0.009
OAK,1994,-0.073,-0.079,0.058,-0.363,-0.164,-0.083,-0.105,0.304,-0.002,-0.089
KC,1994,0.1,-0.067,0.162,0.013,0.05,-0.085,-0.112,0.579,0.094,0.081
IND,1994,-0.008,0.274,-0.339,-0.008,-0.06,0.07,-0.317,-0.178,-0.137,-0.058
TEN,1994,-0.193,-0.107,0,-0.38,-0.208,-0.063,-0.191,-0.605,-0.286,-0.219
GB,1994,0.187,0.103,-0.217,-0.048,-0.071,0.048,0.185,0.893,0.368,0.133
DET,1994,0.056,0.211,0.429,-0.186,0.066,0.19,0.407,-0.184,0.146,0.078
DEN,1994,-0.059,0.018,-0.136,0.307,0.088,-0.126,0.176,0.143,0.028,0.01
DAL,1994,0.259,-0.063,0.041,0.199,0.089,0.413,-0.011,0.037,0.196,0.184
BAL,1994,0.081,-0.323,-0.318,0.096,-0.116,-0.167,0.431,-0.94,-0.143,-0.037
CIN,1994,-0.095,-0.229,-0.341,-0.364,-0.336,-0.051,0.012,-0.04,-0.022,-0.162
CHI,1994,-0.036,0.088,-0.105,0.066,0.007,0.02,-0.039,0.111,0.017,-0.007
BUF,1994,-0.007,0.002,-0.179,0.279,0.067,0.264,0.037,0.092,0.128,0.05
ATL,1994,0.058,0.038,-0.041,0.122,0.048,-0.165,-0.282,-1.158,-0.458,-0.052
ARI,1994,-0.114,-0.356,-0.006,-0.255,-0.186,-0.214,-0.439,0.002,-0.228,-0.163
WAS,1993,-0.061,-0.062,0.078,-0.156,-0.056,0.227,-0.04,-0.979,-0.237,-0.098
TB,1993,-0.16,-0.33,0.001,-0.587,-0.365,-0.158,-0.227,0.282,-0.041,-0.208
SF,1993,0.255,0.269,0.306,0.499,0.381,-0.146,0.436,1.102,0.326,0.314
SEA,1993,-0.024,0.081,-0.442,0.014,-0.119,0.146,-0.055,-0.571,-0.113,-0.078
SD,1993,0.064,0.095,0.002,0.191,0.11,0.18,-0.247,0.874,0.237,0.119
PIT,1993,-0.111,-0.222,-0.032,0.075,-0.008,-0.165,0.509,0.169,0.163,-0.015
ARI,1993,-0.105,-0.147,0.086,0.055,0.025,0.028,0.697,0.326,0.304,0.041
PHI,1993,0.103,0.18,-0.042,-0.177,-0.056,0.061,0.023,0.626,0.188,0.063
NYJ,1993,0.087,0.022,0.203,0.027,0.089,-0.111,-0.039,0.044,-0.051,0.055
NYG,1993,0.163,-0.36,0.197,0.243,0.119,0.212,0.017,-0.408,0.006,0.112
NO,1993,-0.119,-0.101,-0.02,-0.195,-0.119,0.024,-0.37,-0.42,-0.226,-0.144
NE,1993,-0.124,-0.045,-0.061,-0.073,-0.064,0.022,-0.35,-0.416,-0.197,-0.122
MIN,1993,0.001,0.074,-0.043,0.149,0.068,-0.382,0.418,-0.394,-0.11,0.001
MIA,1993,0.022,-0.014,0.169,0.263,0.184,0.162,-0.412,0.869,0.165,0.111
STL,1993,0.094,-0.037,-0.092,0.028,-0.03,-0.245,0.153,0.065,0.01,0.032
OAK,1993,0.049,0.174,-0.141,0.306,0.141,-0.228,-0.606,0.702,-0.114,0.047
KC,1993,0.185,0.025,-0.254,0.045,-0.055,0.276,0.278,0.297,0.283,0.123
IND,1993,-0.112,-0.14,-0.151,-0.047,-0.099,-0.317,-0.395,-0.931,-0.532,-0.203
TEN,1993,-0.033,0.032,0.059,0.062,0.055,-0.024,0.022,-0.433,-0.097,-0.015
GB,1993,-0.115,-0.157,-0.069,0.119,-0.005,-0.018,0.16,0.056,0.064,-0.035
DET,1993,-0.112,-0.001,-0.349,-0.023,-0.13,0.03,-0.204,-0.211,-0.111,-0.118
DEN,1993,0.137,0.149,0.161,0.052,0.11,-0.029,0.236,0.591,0.237,0.148
DAL,1993,0.279,0.341,0.233,0.049,0.181,0.036,0.156,0.36,0.157,0.218
BAL,1993,-0.04,-0.416,0.107,-0.316,-0.213,0.24,0.013,-0.08,0.075,-0.074
CIN,1993,-0.209,-0.059,-0.001,-0.125,-0.08,0.229,-0.264,-0.306,-0.098,-0.137
CHI,1993,-0.152,0.215,-0.157,-0.118,-0.082,0,-0.101,-0.855,-0.233,-0.147
BUF,1993,0.025,0.053,0.058,-0.161,-0.034,-0.035,0.165,0.229,0.106,0.021
ATL,1993,-0.073,0.059,0.048,-0.219,-0.07,-0.123,-0.177,0.122,-0.084,-0.074
WAS,1992,0.059,-0.049,-0.18,0.275,0.041,0.032,0.287,0.455,0.211,0.09
TB,1992,-0.143,0.16,0.193,-0.241,-0.031,-0.07,0.025,0.26,0.046,-0.061
SF,1992,0.273,-0.036,0.385,0.635,0.368,-0.077,0.413,1.379,0.39,0.331
SEA,1992,-0.389,-0.079,-0.093,-0.449,-0.288,-0.543,-0.394,-0.953,-0.632,-0.413
SD,1992,0.161,-0.241,-0.041,0.361,0.088,0.107,-0.08,-0.338,-0.047,0.087
PIT,1992,0.097,0.204,-0.037,-0.092,-0.024,-0.253,0.083,0.351,0.034,0.041
ARI,1992,0.079,0.151,-0.163,-0.086,-0.074,0.118,-0.001,-0.403,-0.041,-0.002
PHI,1992,0.063,-0.071,0.133,0.157,0.101,0.201,0.177,0.21,0.194,0.105
NYJ,1992,-0.184,0.077,0.066,-0.058,0.001,0.028,-0.085,-0.564,-0.187,-0.123
NYG,1992,-0.042,0.088,0.181,0.191,0.167,0.118,-0.102,0.895,0.237,0.093
NO,1992,0.12,-0.058,0.176,0.02,0.054,-0.336,0.046,0.049,-0.102,0.045
NE,1992,-0.389,-0.432,-0.352,-0.227,-0.293,-0.018,0.032,-0.196,-0.044,-0.276
MIN,1992,-0.053,0.211,-0.167,-0.023,-0.021,-0.01,0.29,-0.093,0.093,-0.008
MIA,1992,0.163,-0.058,0.273,0.091,0.111,-0.059,-0.137,0.452,0.021,0.114
STL,1992,0.021,-0.032,0.067,0.25,0.14,0.02,-0.497,0.706,-0.031,0.052
OAK,1992,-0.065,-0.006,-0.18,-0.256,-0.193,0.107,0.197,0.573,0.263,-0.037
KC,1992,0.065,-0.076,-0.078,-0.011,-0.045,0.202,-0.268,-0.18,-0.081,-0.008
IND,1992,-0.175,-0.293,-0.241,-0.447,-0.347,0.189,-0.65,-0.443,-0.329,-0.269
TEN,1992,0.201,0.049,-0.13,0.444,0.132,-0.155,0.264,-0.527,-0.082,0.123
GB,1992,-0.007,0.028,0.008,-0.391,-0.162,0.37,0.514,-0.106,0.277,-0.001
DET,1992,-0.118,-0.165,-0.079,-0.132,-0.121,0.152,-0.458,-0.258,-0.213,-0.138
DEN,1992,-0.174,0.065,-0.319,-0.022,-0.093,0.063,0.217,-1.063,-0.225,-0.157
DAL,1992,0.205,0.102,0.226,0.152,0.169,-0.032,0.642,0.928,0.427,0.236
BAL,1992,0.102,0.167,0.006,-0.19,-0.066,-0.177,-0.529,0.562,-0.138,-0.013
CIN,1992,-0.163,-0.082,0.321,-0.074,0.078,0.196,-0.293,-0.479,-0.126,-0.069
CHI,1992,0.081,-0.079,-0.17,-0.261,-0.189,-0.061,0.136,0.307,0.122,-0.004
BUF,1992,0.061,0.16,0.16,0.237,0.192,-0.091,-0.209,0.264,-0.028,0.096
ATL,1992,0.009,0.147,-0.314,0.274,0.09,0.047,0.149,-0.378,-0.028,0.029
ATL,1991,-0.08,-0.225,0.12,0.143,0.07,-0.156,0.376,0.367,0.22,0.035
BUF,1991,0.186,0.289,0.079,0.156,0.157,0.203,0.29,0.936,0.398,0.215
CHI,1991,0.179,0.137,-0.318,-0.047,-0.112,-0.206,0.321,0.137,0.063,0.053
CIN,1991,-0.103,0.003,-0.039,0.011,-0.005,-0.083,-0.108,-0.565,-0.219,-0.098
BAL,1991,0.081,0.087,-0.013,-0.016,0.007,0.013,0.063,-0.075,0.007,0.037
DAL,1991,0.138,0.125,0.237,0.4,0.303,0.215,0.064,-0.236,0.041,0.176
DEN,1991,-0.145,0.171,-0.061,-0.04,-0.008,-0.13,0.116,0.654,0.203,-0.018
DET,1991,-0.041,0.066,-0.181,0.361,0.127,-0.232,0.008,-0.593,-0.244,-0.026
GB,1991,-0.117,-0.122,-0.065,-0.761,-0.392,0.307,0.205,-0.217,0.131,-0.159
TEN,1991,0.214,-0.263,0.169,-0.353,-0.155,0.156,0.609,-0.167,0.255,0.092
IND,1991,-0.292,-0.066,-0.469,-0.299,-0.298,-0.231,-0.361,-0.721,-0.435,-0.328
KC,1991,0.137,-0.019,0.14,0.124,0.098,0.25,0.09,0.182,0.181,0.133
OAK,1991,0.039,-0.309,-0.116,-0.023,-0.108,0.133,-0.384,0.498,0.052,-0.009
STL,1991,0.045,0.068,-0.137,0.009,-0.03,0.176,-0.272,0.043,-0.024,0.004
MIA,1991,0.204,-0.189,0.039,0.318,0.105,-0.264,0.542,-0.277,-0.009,0.122
MIN,1991,0.028,0.223,0.205,0.306,0.255,-0.025,0.224,0.015,0.077,0.118
NE,1991,-0.173,-0.191,-0.216,-0.157,-0.182,-0.091,-0.663,-0.685,-0.448,-0.237
NO,1991,-0.104,0.121,0.054,-0.052,0.012,0.145,-0.214,0.332,0.087,-0.017
NYG,1991,0.074,0.196,0.451,0.017,0.186,-0.017,0.142,0.335,0.122,0.125
NYJ,1991,0.107,-0.003,0.253,0.013,0.099,0.061,-0.191,-0.481,-0.151,0.047
PHI,1991,-0.374,-0.178,-0.136,-0.096,-0.125,-0.172,-0.476,0.116,-0.199,-0.246
ARI,1991,-0.262,0.151,-0.212,0.054,-0.017,-0.478,-0.128,-0.597,-0.381,-0.204
PIT,1991,0.053,-0.329,-0.15,0.148,-0.081,-0.258,-0.461,-0.36,-0.355,-0.086
SD,1991,0.181,0.038,0.112,-0.049,0.021,0.147,-0.283,-0.461,-0.142,0.047
SEA,1991,-0.113,0.112,0.052,-0.318,-0.116,-0.456,-0.37,0.055,-0.273,-0.149
SF,1991,0.128,0.105,0.088,0.376,0.227,0.316,0.346,1.001,0.516,0.24
TB,1991,-0.246,0.142,-0.299,-0.489,-0.324,-0.15,-0.145,-0.672,-0.297,-0.284
WAS,1991,0.095,-0.029,0.176,0.228,0.166,0.259,0.635,1.805,0.76,0.272
ATL,1990,-0.055,-0.345,-0.206,-0.25,-0.252,0.059,-0.197,-0.063,-0.075,-0.13
BUF,1990,0.192,0.315,-0.004,0.545,0.305,0.025,0.041,0.342,0.09,0.209
CHI,1990,0.056,0.221,0.095,-0.001,0.074,0.223,-0.106,-0.628,-0.116,0.024
CIN,1990,0.004,0.03,0.142,0.036,0.067,0.029,-0.023,-0.159,-0.038,0.017
BAL,1990,-0.253,-0.164,-0.014,-0.343,-0.216,-0.125,-0.041,-0.084,-0.082,-0.203
DAL,1990,-0.223,-0.014,0.109,-0.354,-0.152,-0.125,-0.464,-0.661,-0.401,-0.236
DEN,1990,0.1,0.363,0.241,-0.019,0.146,-0.037,-0.436,-0.215,-0.226,0.052
DET,1990,0.017,-0.233,0.187,0.233,0.115,0.035,0.115,0.2,0.113,0.068
GB,1990,-0.135,-0.136,0.01,-0.373,-0.21,-0.165,-0.064,0.187,-0.004,-0.136
TEN,1990,0.192,0.063,0.004,-0.023,0.005,0.029,0.698,0.546,0.417,0.169
IND,1990,-0.01,-0.112,-0.068,-0.325,-0.201,-0.138,-0.627,-0.443,-0.406,-0.163
KC,1990,0.128,-0.03,0.055,-0.107,-0.039,0.015,0.26,0.359,0.199,0.086
OAK,1990,0.164,0.007,0.1,0.112,0.089,0.277,0.443,0.799,0.451,0.2
STL,1990,0.05,0.026,-0.074,0.301,0.122,-0.225,-0.164,0.589,-0.004,0.064
MIA,1990,0.029,-0.232,0.039,0.18,0.055,0.294,0.12,0.444,0.276,0.093
MIN,1990,-0.035,0.044,0.199,-0.218,-0.037,-0.213,0.075,-0.85,-0.275,-0.091
NE,1990,-0.248,-0.05,-0.395,-0.35,-0.33,-0.146,0.292,-0.419,-0.066,-0.234
NO,1990,-0.209,-0.02,0.184,-0.228,-0.07,-0.242,0.317,-0.737,-0.2,-0.158
NYG,1990,-0.023,0.253,0.135,0.464,0.319,-0.046,-0.168,0.352,0.001,0.105
NYJ,1990,0.159,0.183,-0.009,-0.036,0.025,-0.059,-0.298,-0.549,-0.255,0.022
PHI,1990,0.108,-0.123,0.261,0.214,0.173,0.119,-0.446,0.688,0.01,0.111
ARI,1990,-0.018,0.11,-0.034,0.122,0.065,-0.002,0.13,0.176,0.092,0.035
PIT,1990,-0.052,-0.217,-0.154,-0.132,-0.157,-0.008,-0.115,-0.011,-0.044,-0.087
SD,1990,-0.006,-0.197,0.066,0.142,0.057,0.31,-0.102,0.037,0.095,0.041
SEA,1990,-0.004,-0.083,-0.12,-0.168,-0.137,0.013,0.184,-0.189,0.025,-0.044
SF,1990,-0.001,-0.126,-0.04,0.39,0.135,0.058,0.554,0.535,0.352,0.129
TB,1990,-0.099,-0.08,-0.865,-0.144,-0.376,-0.022,-0.482,0.314,-0.128,-0.199
WAS,1990,0.068,0.244,0.1,0.259,0.204,-0.115,0.328,0.465,0.173,0.141
ATL,1989,-0.021,-0.029,-0.344,0.007,-0.103,0.091,-0.445,0.062,-0.082,-0.063
BUF,1989,0.127,0.135,0.031,0.004,0.045,-0.201,0.209,0.117,0.009,0.072
CHI,1989,0.142,0.452,-0.051,-0.264,-0.032,-0.142,0.477,0.451,0.22,0.097
CIN,1989,0.127,0.148,0.007,0.287,0.162,0.059,0.078,0.954,0.289,0.175
BAL,1989,0.053,-0.186,0.103,0.131,0.074,0.118,-0.06,-0.039,0.015,0.052
DAL,1989,-0.21,-0.259,-0.2,-0.592,-0.41,-0.179,0.296,-0.171,-0.004,-0.233
DEN,1989,0.167,-0.008,-0.188,0.061,-0.047,0.146,-0.5,-0.095,-0.135,0.018
DET,1989,-0.127,-0.176,-0.368,0.007,-0.138,0.185,-0.296,-0.57,-0.255,-0.156
GB,1989,0.138,-0.057,0.107,-0.094,-0.028,0.315,0.29,-0.209,0.186,0.089
TEN,1989,0.02,-0.275,0.244,0.069,0.051,-0.025,0.076,0.027,0.028,0.033
IND,1989,-0.199,0.099,-0.088,0.096,0.031,0.088,-0.314,-0.784,-0.32,-0.142
KC,1989,0.039,0.058,0.149,-0.12,0.029,-0.128,-0.2,0.112,-0.106,0.004
OAK,1989,0.082,-0.006,0.15,0.05,0.079,0.179,-0.104,-0.713,-0.162,0.028
STL,1989,0.19,0.147,0.016,0.143,0.097,0.347,0.057,0.467,0.262,0.173
MIA,1989,-0.086,-0.223,-0.144,0.21,0.011,0.035,0.659,0.377,0.35,0.047
MIN,1989,-0.021,0.244,0.138,0.019,0.099,-0.277,0.059,-0.052,-0.109,0.003
NE,1989,-0.047,0.013,0.162,-0.144,-0.013,-0.277,-0.059,0.251,-0.08,-0.043
NO,1989,-0.091,0.191,0.277,0.017,0.156,0.311,-0.112,-0.164,0.016,0.021
NYG,1989,-0.002,-0.361,-0.086,-0.24,-0.207,0.081,-0.003,1.333,0.334,0.009
NYJ,1989,-0.158,0.189,0.056,0.142,0.12,-0.361,-0.463,-0.051,-0.324,-0.087
PHI,1989,-0.032,-0.1,0.01,-0.085,-0.058,0.142,-0.175,0.052,-0.008,-0.036
ARI,1989,-0.238,0.332,-0.051,-0.34,-0.135,0.058,-0.214,-0.097,-0.088,-0.169
PIT,1989,-0.104,-0.161,-0.161,0.07,-0.054,-0.037,-0.41,-0.675,-0.304,-0.134
SD,1989,0.096,0.029,-0.103,-0.216,-0.132,-0.016,-0.269,-0.135,-0.137,-0.037
SEA,1989,-0.209,-0.226,-0.25,0.143,-0.062,-0.131,0.243,-0.021,0.031,-0.104
SF,1989,0.214,0.222,0.259,0.516,0.362,-0.422,0.718,0.594,0.194,0.262
TB,1989,-0.112,-0.045,-0.078,-0.089,-0.079,0.057,0.238,-0.314,0.014,-0.072
WAS,1989,0.182,-0.324,-0.084,0.356,0.04,0.086,0.093,-0.202,0.031,0.095
