Team,Year,f_yr-1,f_yr-2,f_yr-3,f_yr-4,f_yr-5,yr1_f
Florida State,2013,0.295,0.242,0.19,0.09,0.14400000000000002,0.49200000000000005
Alabama,2013,0.506,0.539,0.375,0.41200000000000003,0.273,0.423
Stanford,2013,0.256,0.285,0.332,0.11900000000000001,-0.001,0.4
Auburn,2013,-0.18600000000000003,-0.013000000000000001,0.365,0.098,-0.025,0.35100000000000003
Oregon,2013,0.38299999999999995,0.33799999999999997,0.265,0.20199999999999999,0.16,0.33299999999999996
Michigan State,2013,0.207,0.23800000000000002,0.14800000000000002,0.054000000000000006,0.065,0.321
Baylor,2013,0.125,0.135,-0.037000000000000005,-0.129,-0.031,0.304
Oklahoma State,2013,0.253,0.379,0.248,0.11699999999999999,0.162,0.3
Ohio State,2013,0.22899999999999998,0.094,0.33899999999999997,0.278,0.251,0.299
South Carolina,2013,0.237,0.158,0.21899999999999997,0.09699999999999999,0.063,0.298
USC,2013,0.142,0.237,0.086,0.134,0.47600000000000003,0.29
Louisville,2013,0.13699999999999998,0.053,0.057,-0.14400000000000002,-0.11599999999999999,0.29
Arizona State,2013,0.09,0.055999999999999994,0.061,0.011000000000000001,-0.040999999999999995,0.285
Missouri,2013,0.006999999999999999,0.145,0.233,0.032,0.19699999999999998,0.285
UCLA,2013,0.11199999999999999,-0.10800000000000001,-0.083,0.008,-0.109,0.278
Clemson,2013,0.184,0.102,0.138,0.20199999999999999,0.139,0.266
LSU,2013,0.259,0.46799999999999997,0.21,0.13699999999999998,0.139,0.264
Washington,2013,0.018000000000000002,-0.022000000000000002,-0.03,-0.021,-0.284,0.263
Wisconsin,2013,0.204,0.293,0.24600000000000002,0.2,0.037000000000000005,0.262
Oklahoma,2013,0.27,0.27699999999999997,0.284,0.273,0.354,0.247
Central Florida,2013,0.106,0.022000000000000002,0.10300000000000001,-0.055999999999999994,-0.111,0.23800000000000002
Georgia,2013,0.29100000000000004,0.228,0.11599999999999999,0.098,0.155,0.223
Texas A&M,2013,0.35100000000000003,0.21,0.188,0.051,-0.184,0.212
Kansas State,2013,0.26899999999999996,0.122,0.006999999999999999,-0.065,-0.102,0.205
Arizona,2013,0.098,-0.08199999999999999,0.07400000000000001,0.11699999999999999,0.14300000000000002,0.18100000000000002
Notre Dame,2013,0.27399999999999997,0.235,0.188,0.15,0.037000000000000005,0.175
Virginia Tech,2013,0.076,0.14,0.253,0.315,0.105,0.171
Ole Miss,2013,0.096,-0.166,0.0,0.16899999999999998,0.25,0.161
Iowa,2013,-0.06,0.053,0.177,0.251,0.21100000000000002,0.151
BYU,2013,0.175,0.07200000000000001,0.004,0.156,0.067,0.149
Utah,2013,-0.038,0.012,0.11599999999999999,0.126,0.243,0.139
Utah State,2013,0.201,-0.015,-0.162,-0.16,-0.17,0.13699999999999998
Mississippi State,2013,-0.001,0.044000000000000004,0.109,0.01,-0.16,0.126
Georgia Tech,2013,0.061,0.068,-0.018000000000000002,0.158,0.078,0.121
Texas,2013,0.156,0.147,-0.019,0.379,0.365,0.12
Miami,2013,-0.013000000000000001,0.105,0.168,0.17800000000000002,0.013000000000000001,0.10800000000000001
Michigan,2013,0.193,0.264,0.03,0.005,-0.057999999999999996,0.102
North Carolina,2013,0.068,0.059000000000000004,0.07,0.11199999999999999,0.152,0.10099999999999999
Nebraska,2013,0.19899999999999998,0.13,0.203,0.255,0.087,0.091
East Carolina,2013,-0.11800000000000001,-0.094,-0.022000000000000002,0.044000000000000004,0.034,0.08800000000000001
Duke,2013,-0.083,-0.076,-0.083,-0.052000000000000005,-0.065,0.085
Oregon State,2013,0.2,-0.115,0.034,0.16699999999999998,0.115,0.085
Texas Tech,2013,0.069,-0.08199999999999999,0.006999999999999999,0.18600000000000003,0.207,0.08
TCU,2013,0.12300000000000001,0.17600000000000002,0.33299999999999996,0.321,0.324,0.071
Boise State,2013,0.184,0.33,0.39299999999999996,0.285,0.29100000000000004,0.07
Houston,2013,-0.08199999999999999,0.17800000000000002,-0.006,0.113,0.036000000000000004,0.068
Bowling Green,2013,-0.042,-0.081,-0.23,0.001,0.012,0.064
Florida,2013,0.342,0.095,0.098,0.408,0.494,0.061
Fresno State,2013,0.11599999999999999,-0.128,-0.065,-0.042,-0.08,0.06
Vanderbilt,2013,0.061,0.077,-0.163,-0.092,0.018000000000000002,0.059000000000000004
North Texas,2013,-0.215,-0.233,-0.122,-0.159,-0.36,0.049
Marshall,2013,-0.087,-0.106,-0.16399999999999998,-0.054000000000000006,-0.068,0.044000000000000004
Washington State,2013,-0.166,-0.133,-0.201,-0.371,-0.37200000000000005,0.037000000000000005
Pittsburgh,2013,0.06,0.05,0.155,0.21,0.166,0.036000000000000004
Minnesota,2013,-0.075,-0.153,-0.10400000000000001,-0.048,-0.061,0.027999999999999997
Indiana,2013,-0.065,-0.215,-0.10300000000000001,-0.124,-0.149,0.023
Ball State,2013,-0.005,-0.146,-0.23600000000000002,-0.204,0.134,0.023
Navy,2013,-0.165,-0.038,0.021,0.10400000000000001,0.021,0.022000000000000002
Northwestern,2013,0.129,-0.001,-0.064,0.03,0.05,0.02
Northern Illinois,2013,0.11900000000000001,0.043,0.09699999999999999,-0.063,-0.04,0.012
Penn State,2013,0.15,0.105,0.025,0.303,0.34,-0.001
Toledo,2013,0.023,0.086,-0.11800000000000001,-0.138,-0.159,-0.002
Maryland,2013,-0.109,-0.129,0.08900000000000001,-0.086,0.028999999999999998,-0.013999999999999999
Cincinnati,2013,0.14400000000000002,0.141,0.02,0.175,0.122,-0.015
Boston College,2013,-0.111,-0.064,0.024,0.124,0.131,-0.022000000000000002
Colorado State,2013,-0.247,-0.222,-0.28,-0.127,-0.073,-0.026000000000000002
Rice,2013,-0.109,-0.16699999999999998,-0.174,-0.306,0.038,-0.031
Tulane,2013,-0.207,-0.292,-0.184,-0.289,-0.237,-0.037000000000000005
Illinois,2013,-0.193,0.02,0.10400000000000001,-0.134,0.040999999999999995,-0.04
Tennessee,2013,0.008,0.027000000000000003,0.006999999999999999,0.145,0.019,-0.052000000000000005
Florida Atlantic,2013,-0.218,-0.32799999999999996,-0.136,-0.136,-0.11199999999999999,-0.054000000000000006
San Jose State,2013,0.121,-0.09699999999999999,-0.24,-0.303,-0.131,-0.061
Syracuse,2013,0.102,-0.033,-0.024,-0.102,-0.134,-0.062
West Virginia,2013,0.066,0.162,0.19899999999999998,0.06,0.11,-0.066
Western Kentucky,2013,-0.047,-0.131,-0.162,-0.275,-0.272,-0.067
Iowa State,2013,0.022000000000000002,-0.036000000000000004,-0.10300000000000001,-0.081,-0.153,-0.07400000000000001
Virginia,2013,-0.08800000000000001,0.002,-0.086,-0.061,-0.01,-0.077
Buffalo,2013,-0.153,-0.18899999999999997,-0.23399999999999999,-0.057999999999999996,-0.019,-0.078
Wake Forest,2013,-0.191,-0.013000000000000001,-0.17300000000000001,0.071,0.11900000000000001,-0.085
Hawaii,2013,-0.254,-0.113,0.052000000000000005,-0.187,-0.166,-0.087
Memphis,2013,-0.157,-0.359,-0.325,-0.19699999999999998,-0.062,-0.09
SMU,2013,-0.047,-0.006999999999999999,-0.001,-0.042,-0.19,-0.09699999999999999
Middle Tennessee,2013,-0.16,-0.295,-0.111,-0.055,-0.158,-0.098
UL-Lafayette,2013,0.004,-0.098,-0.14800000000000002,-0.21600000000000003,-0.109,-0.098
Arkansas,2013,0.004,0.19899999999999998,0.285,0.145,-0.047,-0.10099999999999999
Nevada,2013,-0.053,-0.009000000000000001,0.127,-0.11199999999999999,-0.033,-0.105
San Diego State,2013,0.075,-0.032,0.10800000000000001,-0.18899999999999997,-0.258,-0.11699999999999999
Arkansas State,2013,0.051,-0.012,-0.026000000000000002,-0.193,-0.125,-0.121
Rutgers,2013,0.096,0.121,-0.102,-0.003,0.1,-0.124
N.C. State,2013,-0.002,0.002,0.172,-0.040999999999999995,0.03,-0.126
Connecticut,2013,0.0,0.013999999999999999,-0.013999999999999999,0.114,0.11699999999999999,-0.132
Tulsa,2013,0.087,0.091,0.018000000000000002,-0.07200000000000001,0.10099999999999999,-0.135
Colorado,2013,-0.36,-0.22699999999999998,-0.047,-0.092,-0.147,-0.14800000000000002
UNLV,2013,-0.177,-0.33,-0.28600000000000003,-0.126,-0.107,-0.153
Kentucky,2013,-0.21,-0.109,0.017,0.021,-0.053,-0.161
Temple,2013,-0.1,0.13699999999999998,-0.07,0.022000000000000002,-0.045,-0.161
South Florida,2013,-0.062,0.094,0.069,0.004,0.094,-0.17300000000000001
Army,2013,-0.188,-0.16399999999999998,-0.075,-0.188,-0.183,-0.17600000000000002
Kansas,2013,-0.18,-0.23600000000000002,-0.235,0.035,0.055,-0.19
Wyoming,2013,-0.171,-0.19399999999999998,-0.22,-0.174,-0.21600000000000003,-0.19899999999999998
California,2013,-0.07,0.062,-0.08,0.006999999999999999,0.136,-0.20199999999999999
Ohio,2013,-0.045,0.011000000000000001,-0.084,-0.064,-0.111,-0.20199999999999999
Troy,2013,-0.07400000000000001,-0.223,0.023,-0.02,0.011000000000000001,-0.207
Kent State,2013,0.062,-0.124,-0.177,-0.16899999999999998,-0.166,-0.20800000000000002
Akron,2013,-0.203,-0.354,-0.303,-0.24100000000000002,-0.06,-0.218
UL-Monroe,2013,-0.066,-0.11599999999999999,-0.129,-0.193,-0.21,-0.23399999999999999
New Mexico,2013,-0.217,-0.444,-0.33899999999999997,-0.25,-0.06,-0.23800000000000002
Central Michigan,2013,-0.157,-0.162,-0.131,0.10400000000000001,-0.036000000000000004,-0.251
Louisiana Tech,2013,0.054000000000000006,0.049,-0.099,-0.064,-0.132,-0.264
Air Force,2013,-0.174,-0.026000000000000002,0.049,0.14400000000000002,-0.009000000000000001,-0.265
Purdue,2013,-0.069,-0.078,-0.109,0.063,-0.049,-0.273
UAB,2013,-0.15,-0.22399999999999998,-0.094,-0.135,-0.155,-0.28800000000000003
Idaho,2013,-0.254,-0.263,-0.131,-0.10300000000000001,-0.325,-0.309
Western Michigan,2013,-0.102,-0.004,-0.025,-0.14800000000000002,-0.042,-0.315
UTEP,2013,-0.156,-0.146,-0.159,-0.096,-0.094,-0.32799999999999996
Southern Miss,2013,-0.23399999999999999,0.134,0.035,-0.053,0.036000000000000004,-0.32799999999999996
New Mexico State,2013,-0.35600000000000004,-0.225,-0.363,-0.32299999999999995,-0.235,-0.349
Miami (Ohio),2013,-0.17600000000000002,-0.083,-0.155,-0.24100000000000002,-0.223,-0.365
Eastern Michigan,2013,-0.20600000000000002,-0.16899999999999998,-0.285,-0.318,-0.252,-0.42100000000000004
Florida International,2013,-0.11699999999999999,-0.027999999999999997,0.004,-0.256,-0.16,-0.425
Alabama,2012,0.539,0.375,0.41200000000000003,0.273,0.102,0.506
Oregon,2012,0.33799999999999997,0.265,0.20199999999999999,0.16,0.278,0.38299999999999995
Texas A&M,2012,0.21,0.188,0.051,-0.184,-0.017,0.35100000000000003
Florida,2012,0.095,0.098,0.408,0.494,0.295,0.342
Florida State,2012,0.242,0.19,0.09,0.14400000000000002,0.059000000000000004,0.295
Georgia,2012,0.228,0.11599999999999999,0.098,0.155,0.23800000000000002,0.29100000000000004
Notre Dame,2012,0.235,0.188,0.15,0.037000000000000005,-0.139,0.27399999999999997
Oklahoma,2012,0.27699999999999997,0.284,0.273,0.354,0.273,0.27
Kansas State,2012,0.122,0.006999999999999999,-0.065,-0.102,-0.002,0.26899999999999996
LSU,2012,0.46799999999999997,0.21,0.13699999999999998,0.139,0.337,0.259
Stanford,2012,0.285,0.332,0.11900000000000001,-0.001,-0.034,0.256
Oklahoma State,2012,0.379,0.248,0.11699999999999999,0.162,0.079,0.253
South Carolina,2012,0.158,0.21899999999999997,0.09699999999999999,0.063,0.095,0.237
Ohio State,2012,0.094,0.33899999999999997,0.278,0.251,0.33399999999999996,0.22899999999999998
Michigan State,2012,0.23800000000000002,0.14800000000000002,0.054000000000000006,0.065,0.084,0.207
Wisconsin,2012,0.293,0.24600000000000002,0.2,0.037000000000000005,0.081,0.204
Utah State,2012,-0.015,-0.162,-0.16,-0.17,-0.249,0.201
Oregon State,2012,-0.115,0.034,0.16699999999999998,0.115,0.13699999999999998,0.2
Nebraska,2012,0.13,0.203,0.255,0.087,-0.043,0.19899999999999998
Michigan,2012,0.264,0.03,0.005,-0.057999999999999996,0.13699999999999998,0.193
Boise State,2012,0.33,0.39299999999999996,0.285,0.29100000000000004,0.096,0.184
Clemson,2012,0.102,0.138,0.20199999999999999,0.139,0.21899999999999997,0.184
BYU,2012,0.07200000000000001,0.004,0.156,0.067,0.21,0.175
Texas,2012,0.147,-0.019,0.379,0.365,0.17800000000000002,0.156
Penn State,2012,0.105,0.025,0.303,0.34,0.134,0.15
Cincinnati,2012,0.141,0.02,0.175,0.122,0.21,0.14400000000000002
USC,2012,0.237,0.086,0.134,0.47600000000000003,0.331,0.142
Louisville,2012,0.053,0.057,-0.14400000000000002,-0.11599999999999999,0.09,0.13699999999999998
Northwestern,2012,-0.001,-0.064,0.03,0.05,-0.114,0.129
Baylor,2012,0.135,-0.037000000000000005,-0.129,-0.031,-0.226,0.125
TCU,2012,0.17600000000000002,0.33299999999999996,0.321,0.324,0.069,0.12300000000000001
San Jose State,2012,-0.09699999999999999,-0.24,-0.303,-0.131,-0.201,0.121
Northern Illinois,2012,0.043,0.09699999999999999,-0.063,-0.04,-0.252,0.11900000000000001
Fresno State,2012,-0.128,-0.065,-0.042,-0.08,0.035,0.11599999999999999
UCLA,2012,-0.10800000000000001,-0.083,0.008,-0.109,0.147,0.11199999999999999
Central Florida,2012,0.022000000000000002,0.10300000000000001,-0.055999999999999994,-0.111,0.098,0.106
Syracuse,2012,-0.033,-0.024,-0.102,-0.134,-0.21600000000000003,0.102
Arizona,2012,-0.08199999999999999,0.07400000000000001,0.11699999999999999,0.14300000000000002,0.102,0.098
Rutgers,2012,0.121,-0.102,-0.003,0.1,0.11199999999999999,0.096
Ole Miss,2012,-0.166,0.0,0.16899999999999998,0.25,-0.08900000000000001,0.096
Arizona State,2012,0.055999999999999994,0.061,0.011000000000000001,-0.040999999999999995,0.162,0.09
Tulsa,2012,0.091,0.018000000000000002,-0.07200000000000001,0.10099999999999999,0.024,0.087
Virginia Tech,2012,0.14,0.253,0.315,0.105,0.251,0.076
San Diego State,2012,-0.032,0.10800000000000001,-0.18899999999999997,-0.258,-0.17300000000000001,0.075
Texas Tech,2012,-0.08199999999999999,0.006999999999999999,0.18600000000000003,0.207,0.14,0.069
North Carolina,2012,0.059000000000000004,0.07,0.11199999999999999,0.152,-0.024,0.068
West Virginia,2012,0.162,0.19899999999999998,0.06,0.11,0.327,0.066
Kent State,2012,-0.124,-0.177,-0.16899999999999998,-0.166,-0.20199999999999999,0.062
Georgia Tech,2012,0.068,-0.018000000000000002,0.158,0.078,0.045,0.061
Vanderbilt,2012,0.077,-0.163,-0.092,0.018000000000000002,-0.042,0.061
Pittsburgh,2012,0.05,0.155,0.21,0.166,0.044000000000000004,0.06
Louisiana Tech,2012,0.049,-0.099,-0.064,-0.132,-0.155,0.054000000000000006
Arkansas State,2012,-0.012,-0.026000000000000002,-0.193,-0.125,-0.11599999999999999,0.051
Toledo,2012,0.086,-0.11800000000000001,-0.138,-0.159,-0.159,0.023
Iowa State,2012,-0.036000000000000004,-0.10300000000000001,-0.081,-0.153,-0.156,0.022000000000000002
Washington,2012,-0.022000000000000002,-0.03,-0.021,-0.284,0.047,0.018000000000000002
Tennessee,2012,0.027000000000000003,0.006999999999999999,0.145,0.019,0.183,0.008
Missouri,2012,0.145,0.233,0.032,0.19699999999999998,0.23800000000000002,0.006999999999999999
UL-Lafayette,2012,-0.098,-0.14800000000000002,-0.21600000000000003,-0.109,-0.196,0.004
Arkansas,2012,0.19899999999999998,0.285,0.145,-0.047,0.154,0.004
Connecticut,2012,0.013999999999999999,-0.013999999999999999,0.114,0.11699999999999999,0.107,0.0
Mississippi State,2012,0.044000000000000004,0.109,0.01,-0.16,0.049,-0.001
N.C. State,2012,0.002,0.172,-0.040999999999999995,0.03,-0.031,-0.002
Ball State,2012,-0.146,-0.23600000000000002,-0.204,0.134,-0.08900000000000001,-0.005
Miami,2012,0.105,0.168,0.17800000000000002,0.013000000000000001,-0.035,-0.013000000000000001
Utah,2012,0.012,0.11599999999999999,0.126,0.243,0.127,-0.038
Bowling Green,2012,-0.081,-0.23,0.001,0.012,-0.154,-0.042
Ohio,2012,0.011000000000000001,-0.084,-0.064,-0.111,-0.14800000000000002,-0.045
SMU,2012,-0.006999999999999999,-0.001,-0.042,-0.19,-0.155,-0.047
Nevada,2012,-0.009000000000000001,0.127,-0.11199999999999999,-0.033,-0.09699999999999999,-0.053
Iowa,2012,0.053,0.177,0.251,0.21100000000000002,-0.042,-0.06
South Florida,2012,0.094,0.069,0.004,0.094,0.22899999999999998,-0.062
Indiana,2012,-0.215,-0.10300000000000001,-0.124,-0.149,-0.04,-0.065
UL-Monroe,2012,-0.11599999999999999,-0.129,-0.193,-0.21,-0.14400000000000002,-0.066
Purdue,2012,-0.078,-0.109,0.063,-0.049,0.005,-0.069
California,2012,0.062,-0.08,0.006999999999999999,0.136,0.142,-0.07
Troy,2012,-0.223,0.023,-0.02,0.011000000000000001,0.048,-0.07400000000000001
Minnesota,2012,-0.153,-0.10400000000000001,-0.048,-0.061,-0.14,-0.075
Houston,2012,0.17800000000000002,-0.006,0.113,0.036000000000000004,-0.057,-0.08199999999999999
Duke,2012,-0.076,-0.083,-0.052000000000000005,-0.065,-0.18899999999999997,-0.083
Marshall,2012,-0.106,-0.16399999999999998,-0.054000000000000006,-0.068,-0.092,-0.087
Virginia,2012,0.002,-0.086,-0.061,-0.01,0.067,-0.08800000000000001
Temple,2012,0.13699999999999998,-0.07,0.022000000000000002,-0.045,-0.223,-0.1
Western Michigan,2012,-0.004,-0.025,-0.14800000000000002,-0.042,-0.10300000000000001,-0.102
Maryland,2012,-0.129,0.08900000000000001,-0.086,0.028999999999999998,0.055,-0.109
Rice,2012,-0.16699999999999998,-0.174,-0.306,0.038,-0.205,-0.109
Boston College,2012,-0.064,0.024,0.124,0.131,0.165,-0.111
Florida International,2012,-0.027999999999999997,0.004,-0.256,-0.16,-0.27699999999999997,-0.11699999999999999
East Carolina,2012,-0.094,-0.022000000000000002,0.044000000000000004,0.034,-0.034,-0.11800000000000001
UAB,2012,-0.22399999999999998,-0.094,-0.135,-0.155,-0.242,-0.15
Buffalo,2012,-0.18899999999999997,-0.23399999999999999,-0.057999999999999996,-0.019,-0.23,-0.153
UTEP,2012,-0.146,-0.159,-0.096,-0.094,-0.098,-0.156
Memphis,2012,-0.359,-0.325,-0.19699999999999998,-0.062,-0.17,-0.157
Central Michigan,2012,-0.162,-0.131,0.10400000000000001,-0.036000000000000004,-0.111,-0.157
Middle Tennessee,2012,-0.295,-0.111,-0.055,-0.158,-0.115,-0.16
Navy,2012,-0.038,0.021,0.10400000000000001,0.021,-0.027999999999999997,-0.165
Washington State,2012,-0.133,-0.201,-0.371,-0.37200000000000005,-0.02,-0.166
Wyoming,2012,-0.19399999999999998,-0.22,-0.174,-0.21600000000000003,-0.094,-0.171
Air Force,2012,-0.026000000000000002,0.049,0.14400000000000002,-0.009000000000000001,0.027000000000000003,-0.174
Miami (Ohio),2012,-0.083,-0.155,-0.24100000000000002,-0.223,-0.18899999999999997,-0.17600000000000002
UNLV,2012,-0.33,-0.28600000000000003,-0.126,-0.107,-0.14400000000000002,-0.177
Kansas,2012,-0.23600000000000002,-0.235,0.035,0.055,0.22,-0.18
Auburn,2012,-0.013000000000000001,0.365,0.098,-0.025,0.20800000000000002,-0.18600000000000003
Army,2012,-0.16399999999999998,-0.075,-0.188,-0.183,-0.22,-0.188
Wake Forest,2012,-0.013000000000000001,-0.17300000000000001,0.071,0.11900000000000001,0.065,-0.191
Illinois,2012,0.02,0.10400000000000001,-0.134,0.040999999999999995,0.154,-0.193
Akron,2012,-0.354,-0.303,-0.24100000000000002,-0.06,-0.203,-0.203
Eastern Michigan,2012,-0.16899999999999998,-0.285,-0.318,-0.252,-0.209,-0.20600000000000002
Tulane,2012,-0.292,-0.184,-0.289,-0.237,-0.187,-0.207
Kentucky,2012,-0.109,0.017,0.021,-0.053,0.158,-0.21
North Texas,2012,-0.233,-0.122,-0.159,-0.36,-0.243,-0.215
New Mexico,2012,-0.444,-0.33899999999999997,-0.25,-0.06,0.025,-0.217
Florida Atlantic,2012,-0.32799999999999996,-0.136,-0.136,-0.11199999999999999,-0.066,-0.218
Southern Miss,2012,0.134,0.035,-0.053,0.036000000000000004,-0.033,-0.23399999999999999
Colorado State,2012,-0.222,-0.28,-0.127,-0.073,-0.087,-0.247
Idaho,2012,-0.263,-0.131,-0.10300000000000001,-0.325,-0.215,-0.254
Hawaii,2012,-0.113,0.052000000000000005,-0.187,-0.166,0.08,-0.254
New Mexico State,2012,-0.225,-0.363,-0.32299999999999995,-0.235,-0.195,-0.35600000000000004
Colorado,2012,-0.22699999999999998,-0.047,-0.092,-0.147,0.008,-0.36
Alabama,2011,0.375,0.41200000000000003,0.273,0.102,,0.539
LSU,2011,0.21,0.13699999999999998,0.139,0.337,,0.46799999999999997
Oklahoma State,2011,0.248,0.11699999999999999,0.162,0.079,,0.379
Oregon,2011,0.265,0.20199999999999999,0.16,0.278,,0.33799999999999997
Boise State,2011,0.39299999999999996,0.285,0.29100000000000004,0.096,,0.33
Wisconsin,2011,0.24600000000000002,0.2,0.037000000000000005,0.081,,0.293
Stanford,2011,0.332,0.11900000000000001,-0.001,-0.034,,0.285
Oklahoma,2011,0.284,0.273,0.354,0.273,,0.27699999999999997
Michigan,2011,0.03,0.005,-0.057999999999999996,0.13699999999999998,,0.264
Florida State,2011,0.19,0.09,0.14400000000000002,0.059000000000000004,,0.242
Michigan State,2011,0.14800000000000002,0.054000000000000006,0.065,0.084,,0.23800000000000002
USC,2011,0.086,0.134,0.47600000000000003,0.331,,0.237
Notre Dame,2011,0.188,0.15,0.037000000000000005,-0.139,,0.235
Georgia,2011,0.11599999999999999,0.098,0.155,0.23800000000000002,,0.228
Texas A&M,2011,0.188,0.051,-0.184,-0.017,,0.21
Arkansas,2011,0.285,0.145,-0.047,0.154,,0.19899999999999998
Houston,2011,-0.006,0.113,0.036000000000000004,-0.057,,0.17800000000000002
TCU,2011,0.33299999999999996,0.321,0.324,0.069,,0.17600000000000002
West Virginia,2011,0.19899999999999998,0.06,0.11,0.327,,0.162
South Carolina,2011,0.21899999999999997,0.09699999999999999,0.063,0.095,,0.158
Texas,2011,-0.019,0.379,0.365,0.17800000000000002,,0.147
Missouri,2011,0.233,0.032,0.19699999999999998,0.23800000000000002,,0.145
Cincinnati,2011,0.02,0.175,0.122,0.21,,0.141
Virginia Tech,2011,0.253,0.315,0.105,0.251,,0.14
Temple,2011,-0.07,0.022000000000000002,-0.045,-0.223,,0.13699999999999998
Baylor,2011,-0.037000000000000005,-0.129,-0.031,-0.226,,0.135
Southern Miss,2011,0.035,-0.053,0.036000000000000004,-0.033,,0.134
Nebraska,2011,0.203,0.255,0.087,-0.043,,0.13
Kansas State,2011,0.006999999999999999,-0.065,-0.102,-0.002,,0.122
Rutgers,2011,-0.102,-0.003,0.1,0.11199999999999999,,0.121
Penn State,2011,0.025,0.303,0.34,0.134,,0.105
Miami,2011,0.168,0.17800000000000002,0.013000000000000001,-0.035,,0.105
Clemson,2011,0.138,0.20199999999999999,0.139,0.21899999999999997,,0.102
Florida,2011,0.098,0.408,0.494,0.295,,0.095
South Florida,2011,0.069,0.004,0.094,0.22899999999999998,,0.094
Ohio State,2011,0.33899999999999997,0.278,0.251,0.33399999999999996,,0.094
Tulsa,2011,0.018000000000000002,-0.07200000000000001,0.10099999999999999,0.024,,0.091
Toledo,2011,-0.11800000000000001,-0.138,-0.159,-0.159,,0.086
Vanderbilt,2011,-0.163,-0.092,0.018000000000000002,-0.042,,0.077
BYU,2011,0.004,0.156,0.067,0.21,,0.07200000000000001
Georgia Tech,2011,-0.018000000000000002,0.158,0.078,0.045,,0.068
California,2011,-0.08,0.006999999999999999,0.136,0.142,,0.062
North Carolina,2011,0.07,0.11199999999999999,0.152,-0.024,,0.059000000000000004
Arizona State,2011,0.061,0.011000000000000001,-0.040999999999999995,0.162,,0.055999999999999994
Louisville,2011,0.057,-0.14400000000000002,-0.11599999999999999,0.09,,0.053
Iowa,2011,0.177,0.251,0.21100000000000002,-0.042,,0.053
Pittsburgh,2011,0.155,0.21,0.166,0.044000000000000004,,0.05
Louisiana Tech,2011,-0.099,-0.064,-0.132,-0.155,,0.049
Mississippi State,2011,0.109,0.01,-0.16,0.049,,0.044000000000000004
Northern Illinois,2011,0.09699999999999999,-0.063,-0.04,-0.252,,0.043
Tennessee,2011,0.006999999999999999,0.145,0.019,0.183,,0.027000000000000003
Central Florida,2011,0.10300000000000001,-0.055999999999999994,-0.111,0.098,,0.022000000000000002
Illinois,2011,0.10400000000000001,-0.134,0.040999999999999995,0.154,,0.02
Connecticut,2011,-0.013999999999999999,0.114,0.11699999999999999,0.107,,0.013999999999999999
Utah,2011,0.11599999999999999,0.126,0.243,0.127,,0.012
Ohio,2011,-0.084,-0.064,-0.111,-0.14800000000000002,,0.011000000000000001
Virginia,2011,-0.086,-0.061,-0.01,0.067,,0.002
N.C. State,2011,0.172,-0.040999999999999995,0.03,-0.031,,0.002
Northwestern,2011,-0.064,0.03,0.05,-0.114,,-0.001
Western Michigan,2011,-0.025,-0.14800000000000002,-0.042,-0.10300000000000001,,-0.004
SMU,2011,-0.001,-0.042,-0.19,-0.155,,-0.006999999999999999
Nevada,2011,0.127,-0.11199999999999999,-0.033,-0.09699999999999999,,-0.009000000000000001
Arkansas State,2011,-0.026000000000000002,-0.193,-0.125,-0.11599999999999999,,-0.012
Wake Forest,2011,-0.17300000000000001,0.071,0.11900000000000001,0.065,,-0.013000000000000001
Auburn,2011,0.365,0.098,-0.025,0.20800000000000002,,-0.013000000000000001
Utah State,2011,-0.162,-0.16,-0.17,-0.249,,-0.015
Washington,2011,-0.03,-0.021,-0.284,0.047,,-0.022000000000000002
Air Force,2011,0.049,0.14400000000000002,-0.009000000000000001,0.027000000000000003,,-0.026000000000000002
Florida International,2011,0.004,-0.256,-0.16,-0.27699999999999997,,-0.027999999999999997
San Diego State,2011,0.10800000000000001,-0.18899999999999997,-0.258,-0.17300000000000001,,-0.032
Syracuse,2011,-0.024,-0.102,-0.134,-0.21600000000000003,,-0.033
Iowa State,2011,-0.10300000000000001,-0.081,-0.153,-0.156,,-0.036000000000000004
Navy,2011,0.021,0.10400000000000001,0.021,-0.027999999999999997,,-0.038
Boston College,2011,0.024,0.124,0.131,0.165,,-0.064
Duke,2011,-0.083,-0.052000000000000005,-0.065,-0.18899999999999997,,-0.076
Purdue,2011,-0.109,0.063,-0.049,0.005,,-0.078
Bowling Green,2011,-0.23,0.001,0.012,-0.154,,-0.081
Texas Tech,2011,0.006999999999999999,0.18600000000000003,0.207,0.14,,-0.08199999999999999
Arizona,2011,0.07400000000000001,0.11699999999999999,0.14300000000000002,0.102,,-0.08199999999999999
Miami (Ohio),2011,-0.155,-0.24100000000000002,-0.223,-0.18899999999999997,,-0.083
East Carolina,2011,-0.022000000000000002,0.044000000000000004,0.034,-0.034,,-0.094
San Jose State,2011,-0.24,-0.303,-0.131,-0.201,,-0.09699999999999999
UL-Lafayette,2011,-0.14800000000000002,-0.21600000000000003,-0.109,-0.196,,-0.098
Marshall,2011,-0.16399999999999998,-0.054000000000000006,-0.068,-0.092,,-0.106
UCLA,2011,-0.083,0.008,-0.109,0.147,,-0.10800000000000001
Kentucky,2011,0.017,0.021,-0.053,0.158,,-0.109
Hawaii,2011,0.052000000000000005,-0.187,-0.166,0.08,,-0.113
Oregon State,2011,0.034,0.16699999999999998,0.115,0.13699999999999998,,-0.115
UL-Monroe,2011,-0.129,-0.193,-0.21,-0.14400000000000002,,-0.11599999999999999
Kent State,2011,-0.177,-0.16899999999999998,-0.166,-0.20199999999999999,,-0.124
Fresno State,2011,-0.065,-0.042,-0.08,0.035,,-0.128
Maryland,2011,0.08900000000000001,-0.086,0.028999999999999998,0.055,,-0.129
Washington State,2011,-0.201,-0.371,-0.37200000000000005,-0.02,,-0.133
Ball State,2011,-0.23600000000000002,-0.204,0.134,-0.08900000000000001,,-0.146
UTEP,2011,-0.159,-0.096,-0.094,-0.098,,-0.146
Minnesota,2011,-0.10400000000000001,-0.048,-0.061,-0.14,,-0.153
Central Michigan,2011,-0.131,0.10400000000000001,-0.036000000000000004,-0.111,,-0.162
Army,2011,-0.075,-0.188,-0.183,-0.22,,-0.16399999999999998
Ole Miss,2011,0.0,0.16899999999999998,0.25,-0.08900000000000001,,-0.166
Rice,2011,-0.174,-0.306,0.038,-0.205,,-0.16699999999999998
Eastern Michigan,2011,-0.285,-0.318,-0.252,-0.209,,-0.16899999999999998
Buffalo,2011,-0.23399999999999999,-0.057999999999999996,-0.019,-0.23,,-0.18899999999999997
Wyoming,2011,-0.22,-0.174,-0.21600000000000003,-0.094,,-0.19399999999999998
Indiana,2011,-0.10300000000000001,-0.124,-0.149,-0.04,,-0.215
Colorado State,2011,-0.28,-0.127,-0.073,-0.087,,-0.222
Troy,2011,0.023,-0.02,0.011000000000000001,0.048,,-0.223
UAB,2011,-0.094,-0.135,-0.155,-0.242,,-0.22399999999999998
New Mexico State,2011,-0.363,-0.32299999999999995,-0.235,-0.195,,-0.225
Colorado,2011,-0.047,-0.092,-0.147,0.008,,-0.22699999999999998
North Texas,2011,-0.122,-0.159,-0.36,-0.243,,-0.233
Kansas,2011,-0.235,0.035,0.055,0.22,,-0.23600000000000002
Idaho,2011,-0.131,-0.10300000000000001,-0.325,-0.215,,-0.263
Tulane,2011,-0.184,-0.289,-0.237,-0.187,,-0.292
Middle Tennessee,2011,-0.111,-0.055,-0.158,-0.115,,-0.295
Florida Atlantic,2011,-0.136,-0.136,-0.11199999999999999,-0.066,,-0.32799999999999996
UNLV,2011,-0.28600000000000003,-0.126,-0.107,-0.14400000000000002,,-0.33
Akron,2011,-0.303,-0.24100000000000002,-0.06,-0.203,,-0.354
Memphis,2011,-0.325,-0.19699999999999998,-0.062,-0.17,,-0.359
New Mexico,2011,-0.33899999999999997,-0.25,-0.06,0.025,,-0.444
Boise State,2010,0.285,0.29100000000000004,0.096,,,0.39299999999999996
Alabama,2010,0.41200000000000003,0.273,0.102,,,0.375
Auburn,2010,0.098,-0.025,0.20800000000000002,,,0.365
Ohio State,2010,0.278,0.251,0.33399999999999996,,,0.33899999999999997
TCU,2010,0.321,0.324,0.069,,,0.33299999999999996
Stanford,2010,0.11900000000000001,-0.001,-0.034,,,0.332
Arkansas,2010,0.145,-0.047,0.154,,,0.285
Oklahoma,2010,0.273,0.354,0.273,,,0.284
Oregon,2010,0.20199999999999999,0.16,0.278,,,0.265
Virginia Tech,2010,0.315,0.105,0.251,,,0.253
Oklahoma State,2010,0.11699999999999999,0.162,0.079,,,0.248
Wisconsin,2010,0.2,0.037000000000000005,0.081,,,0.24600000000000002
Missouri,2010,0.032,0.19699999999999998,0.23800000000000002,,,0.233
South Carolina,2010,0.09699999999999999,0.063,0.095,,,0.21899999999999997
LSU,2010,0.13699999999999998,0.139,0.337,,,0.21
Nebraska,2010,0.255,0.087,-0.043,,,0.203
West Virginia,2010,0.06,0.11,0.327,,,0.19899999999999998
Florida State,2010,0.09,0.14400000000000002,0.059000000000000004,,,0.19
Texas A&M,2010,0.051,-0.184,-0.017,,,0.188
Notre Dame,2010,0.15,0.037000000000000005,-0.139,,,0.188
Iowa,2010,0.251,0.21100000000000002,-0.042,,,0.177
N.C. State,2010,-0.040999999999999995,0.03,-0.031,,,0.172
Miami,2010,0.17800000000000002,0.013000000000000001,-0.035,,,0.168
Pittsburgh,2010,0.21,0.166,0.044000000000000004,,,0.155
Michigan State,2010,0.054000000000000006,0.065,0.084,,,0.14800000000000002
Clemson,2010,0.20199999999999999,0.139,0.21899999999999997,,,0.138
Nevada,2010,-0.11199999999999999,-0.033,-0.09699999999999999,,,0.127
Utah,2010,0.126,0.243,0.127,,,0.11599999999999999
Georgia,2010,0.098,0.155,0.23800000000000002,,,0.11599999999999999
Mississippi State,2010,0.01,-0.16,0.049,,,0.109
San Diego State,2010,-0.18899999999999997,-0.258,-0.17300000000000001,,,0.10800000000000001
Illinois,2010,-0.134,0.040999999999999995,0.154,,,0.10400000000000001
Central Florida,2010,-0.055999999999999994,-0.111,0.098,,,0.10300000000000001
Florida,2010,0.408,0.494,0.295,,,0.098
Northern Illinois,2010,-0.063,-0.04,-0.252,,,0.09699999999999999
Maryland,2010,-0.086,0.028999999999999998,0.055,,,0.08900000000000001
USC,2010,0.134,0.47600000000000003,0.331,,,0.086
Arizona,2010,0.11699999999999999,0.14300000000000002,0.102,,,0.07400000000000001
North Carolina,2010,0.11199999999999999,0.152,-0.024,,,0.07
South Florida,2010,0.004,0.094,0.22899999999999998,,,0.069
Arizona State,2010,0.011000000000000001,-0.040999999999999995,0.162,,,0.061
Louisville,2010,-0.14400000000000002,-0.11599999999999999,0.09,,,0.057
Hawaii,2010,-0.187,-0.166,0.08,,,0.052000000000000005
Air Force,2010,0.14400000000000002,-0.009000000000000001,0.027000000000000003,,,0.049
Southern Miss,2010,-0.053,0.036000000000000004,-0.033,,,0.035
Oregon State,2010,0.16699999999999998,0.115,0.13699999999999998,,,0.034
Michigan,2010,0.005,-0.057999999999999996,0.13699999999999998,,,0.03
Penn State,2010,0.303,0.34,0.134,,,0.025
Boston College,2010,0.124,0.131,0.165,,,0.024
Troy,2010,-0.02,0.011000000000000001,0.048,,,0.023
Navy,2010,0.10400000000000001,0.021,-0.027999999999999997,,,0.021
Cincinnati,2010,0.175,0.122,0.21,,,0.02
Tulsa,2010,-0.07200000000000001,0.10099999999999999,0.024,,,0.018000000000000002
Kentucky,2010,0.021,-0.053,0.158,,,0.017
Kansas State,2010,-0.065,-0.102,-0.002,,,0.006999999999999999
Texas Tech,2010,0.18600000000000003,0.207,0.14,,,0.006999999999999999
Tennessee,2010,0.145,0.019,0.183,,,0.006999999999999999
BYU,2010,0.156,0.067,0.21,,,0.004
Florida International,2010,-0.256,-0.16,-0.27699999999999997,,,0.004
Ole Miss,2010,0.16899999999999998,0.25,-0.08900000000000001,,,0.0
SMU,2010,-0.042,-0.19,-0.155,,,-0.001
Houston,2010,0.113,0.036000000000000004,-0.057,,,-0.006
Connecticut,2010,0.114,0.11699999999999999,0.107,,,-0.013999999999999999
Georgia Tech,2010,0.158,0.078,0.045,,,-0.018000000000000002
Texas,2010,0.379,0.365,0.17800000000000002,,,-0.019
East Carolina,2010,0.044000000000000004,0.034,-0.034,,,-0.022000000000000002
Syracuse,2010,-0.102,-0.134,-0.21600000000000003,,,-0.024
Western Michigan,2010,-0.14800000000000002,-0.042,-0.10300000000000001,,,-0.025
Arkansas State,2010,-0.193,-0.125,-0.11599999999999999,,,-0.026000000000000002
Washington,2010,-0.021,-0.284,0.047,,,-0.03
Baylor,2010,-0.129,-0.031,-0.226,,,-0.037000000000000005
Colorado,2010,-0.092,-0.147,0.008,,,-0.047
Northwestern,2010,0.03,0.05,-0.114,,,-0.064
Fresno State,2010,-0.042,-0.08,0.035,,,-0.065
Temple,2010,0.022000000000000002,-0.045,-0.223,,,-0.07
Army,2010,-0.188,-0.183,-0.22,,,-0.075
California,2010,0.006999999999999999,0.136,0.142,,,-0.08
Duke,2010,-0.052000000000000005,-0.065,-0.18899999999999997,,,-0.083
UCLA,2010,0.008,-0.109,0.147,,,-0.083
Ohio,2010,-0.064,-0.111,-0.14800000000000002,,,-0.084
Virginia,2010,-0.061,-0.01,0.067,,,-0.086
UAB,2010,-0.135,-0.155,-0.242,,,-0.094
Louisiana Tech,2010,-0.064,-0.132,-0.155,,,-0.099
Rutgers,2010,-0.003,0.1,0.11199999999999999,,,-0.102
Iowa State,2010,-0.081,-0.153,-0.156,,,-0.10300000000000001
Indiana,2010,-0.124,-0.149,-0.04,,,-0.10300000000000001
Minnesota,2010,-0.048,-0.061,-0.14,,,-0.10400000000000001
Purdue,2010,0.063,-0.049,0.005,,,-0.109
Middle Tennessee,2010,-0.055,-0.158,-0.115,,,-0.111
Toledo,2010,-0.138,-0.159,-0.159,,,-0.11800000000000001
North Texas,2010,-0.159,-0.36,-0.243,,,-0.122
UL-Monroe,2010,-0.193,-0.21,-0.14400000000000002,,,-0.129
Idaho,2010,-0.10300000000000001,-0.325,-0.215,,,-0.131
Central Michigan,2010,0.10400000000000001,-0.036000000000000004,-0.111,,,-0.131
Florida Atlantic,2010,-0.136,-0.11199999999999999,-0.066,,,-0.136
UL-Lafayette,2010,-0.21600000000000003,-0.109,-0.196,,,-0.14800000000000002
Miami (Ohio),2010,-0.24100000000000002,-0.223,-0.18899999999999997,,,-0.155
UTEP,2010,-0.096,-0.094,-0.098,,,-0.159
Utah State,2010,-0.16,-0.17,-0.249,,,-0.162
Vanderbilt,2010,-0.092,0.018000000000000002,-0.042,,,-0.163
Marshall,2010,-0.054000000000000006,-0.068,-0.092,,,-0.16399999999999998
Wake Forest,2010,0.071,0.11900000000000001,0.065,,,-0.17300000000000001
Rice,2010,-0.306,0.038,-0.205,,,-0.174
Kent State,2010,-0.16899999999999998,-0.166,-0.20199999999999999,,,-0.177
Tulane,2010,-0.289,-0.237,-0.187,,,-0.184
Washington State,2010,-0.371,-0.37200000000000005,-0.02,,,-0.201
Wyoming,2010,-0.174,-0.21600000000000003,-0.094,,,-0.22
Bowling Green,2010,0.001,0.012,-0.154,,,-0.23
Buffalo,2010,-0.057999999999999996,-0.019,-0.23,,,-0.23399999999999999
Kansas,2010,0.035,0.055,0.22,,,-0.235
Ball State,2010,-0.204,0.134,-0.08900000000000001,,,-0.23600000000000002
San Jose State,2010,-0.303,-0.131,-0.201,,,-0.24
Colorado State,2010,-0.127,-0.073,-0.087,,,-0.28
Eastern Michigan,2010,-0.318,-0.252,-0.209,,,-0.285
UNLV,2010,-0.126,-0.107,-0.14400000000000002,,,-0.28600000000000003
Akron,2010,-0.24100000000000002,-0.06,-0.203,,,-0.303
Memphis,2010,-0.19699999999999998,-0.062,-0.17,,,-0.325
New Mexico,2010,-0.25,-0.06,0.025,,,-0.33899999999999997
New Mexico State,2010,-0.32299999999999995,-0.235,-0.195,,,-0.363
Alabama,2009,0.273,0.102,,,,0.41200000000000003
Florida,2009,0.494,0.295,,,,0.408
Texas,2009,0.365,0.17800000000000002,,,,0.379
TCU,2009,0.324,0.069,,,,0.321
Virginia Tech,2009,0.105,0.251,,,,0.315
Penn State,2009,0.34,0.134,,,,0.303
Boise State,2009,0.29100000000000004,0.096,,,,0.285
Ohio State,2009,0.251,0.33399999999999996,,,,0.278
Oklahoma,2009,0.354,0.273,,,,0.273
Nebraska,2009,0.087,-0.043,,,,0.255
Iowa,2009,0.21100000000000002,-0.042,,,,0.251
Pittsburgh,2009,0.166,0.044000000000000004,,,,0.21
Clemson,2009,0.139,0.21899999999999997,,,,0.20199999999999999
Oregon,2009,0.16,0.278,,,,0.20199999999999999
Wisconsin,2009,0.037000000000000005,0.081,,,,0.2
Texas Tech,2009,0.207,0.14,,,,0.18600000000000003
Miami,2009,0.013000000000000001,-0.035,,,,0.17800000000000002
Cincinnati,2009,0.122,0.21,,,,0.175
Ole Miss,2009,0.25,-0.08900000000000001,,,,0.16899999999999998
Oregon State,2009,0.115,0.13699999999999998,,,,0.16699999999999998
Georgia Tech,2009,0.078,0.045,,,,0.158
BYU,2009,0.067,0.21,,,,0.156
Notre Dame,2009,0.037000000000000005,-0.139,,,,0.15
Tennessee,2009,0.019,0.183,,,,0.145
Arkansas,2009,-0.047,0.154,,,,0.145
Air Force,2009,-0.009000000000000001,0.027000000000000003,,,,0.14400000000000002
LSU,2009,0.139,0.337,,,,0.13699999999999998
USC,2009,0.47600000000000003,0.331,,,,0.134
Utah,2009,0.243,0.127,,,,0.126
Boston College,2009,0.131,0.165,,,,0.124
Stanford,2009,-0.001,-0.034,,,,0.11900000000000001
Arizona,2009,0.14300000000000002,0.102,,,,0.11699999999999999
Oklahoma State,2009,0.162,0.079,,,,0.11699999999999999
Connecticut,2009,0.11699999999999999,0.107,,,,0.114
Houston,2009,0.036000000000000004,-0.057,,,,0.113
North Carolina,2009,0.152,-0.024,,,,0.11199999999999999
Navy,2009,0.021,-0.027999999999999997,,,,0.10400000000000001
Central Michigan,2009,-0.036000000000000004,-0.111,,,,0.10400000000000001
Auburn,2009,-0.025,0.20800000000000002,,,,0.098
Georgia,2009,0.155,0.23800000000000002,,,,0.098
South Carolina,2009,0.063,0.095,,,,0.09699999999999999
Florida State,2009,0.14400000000000002,0.059000000000000004,,,,0.09
Wake Forest,2009,0.11900000000000001,0.065,,,,0.071
Purdue,2009,-0.049,0.005,,,,0.063
West Virginia,2009,0.11,0.327,,,,0.06
Michigan State,2009,0.065,0.084,,,,0.054000000000000006
Texas A&M,2009,-0.184,-0.017,,,,0.051
East Carolina,2009,0.034,-0.034,,,,0.044000000000000004
Kansas,2009,0.055,0.22,,,,0.035
Missouri,2009,0.19699999999999998,0.23800000000000002,,,,0.032
Northwestern,2009,0.05,-0.114,,,,0.03
Temple,2009,-0.045,-0.223,,,,0.022000000000000002
Kentucky,2009,-0.053,0.158,,,,0.021
Arizona State,2009,-0.040999999999999995,0.162,,,,0.011000000000000001
Mississippi State,2009,-0.16,0.049,,,,0.01
UCLA,2009,-0.109,0.147,,,,0.008
California,2009,0.136,0.142,,,,0.006999999999999999
Michigan,2009,-0.057999999999999996,0.13699999999999998,,,,0.005
South Florida,2009,0.094,0.22899999999999998,,,,0.004
Bowling Green,2009,0.012,-0.154,,,,0.001
Rutgers,2009,0.1,0.11199999999999999,,,,-0.003
Troy,2009,0.011000000000000001,0.048,,,,-0.02
Washington,2009,-0.284,0.047,,,,-0.021
N.C. State,2009,0.03,-0.031,,,,-0.040999999999999995
SMU,2009,-0.19,-0.155,,,,-0.042
Fresno State,2009,-0.08,0.035,,,,-0.042
Minnesota,2009,-0.061,-0.14,,,,-0.048
Duke,2009,-0.065,-0.18899999999999997,,,,-0.052000000000000005
Southern Miss,2009,0.036000000000000004,-0.033,,,,-0.053
Marshall,2009,-0.068,-0.092,,,,-0.054000000000000006
Middle Tennessee,2009,-0.158,-0.115,,,,-0.055
Central Florida,2009,-0.111,0.098,,,,-0.055999999999999994
Buffalo,2009,-0.019,-0.23,,,,-0.057999999999999996
Virginia,2009,-0.01,0.067,,,,-0.061
Northern Illinois,2009,-0.04,-0.252,,,,-0.063
Louisiana Tech,2009,-0.132,-0.155,,,,-0.064
Ohio,2009,-0.111,-0.14800000000000002,,,,-0.064
Kansas State,2009,-0.102,-0.002,,,,-0.065
Tulsa,2009,0.10099999999999999,0.024,,,,-0.07200000000000001
Iowa State,2009,-0.153,-0.156,,,,-0.081
Maryland,2009,0.028999999999999998,0.055,,,,-0.086
Vanderbilt,2009,0.018000000000000002,-0.042,,,,-0.092
Colorado,2009,-0.147,0.008,,,,-0.092
UTEP,2009,-0.094,-0.098,,,,-0.096
Syracuse,2009,-0.134,-0.21600000000000003,,,,-0.102
Idaho,2009,-0.325,-0.215,,,,-0.10300000000000001
Nevada,2009,-0.033,-0.09699999999999999,,,,-0.11199999999999999
Indiana,2009,-0.149,-0.04,,,,-0.124
UNLV,2009,-0.107,-0.14400000000000002,,,,-0.126
Colorado State,2009,-0.073,-0.087,,,,-0.127
Baylor,2009,-0.031,-0.226,,,,-0.129
Illinois,2009,0.040999999999999995,0.154,,,,-0.134
UAB,2009,-0.155,-0.242,,,,-0.135
Florida Atlantic,2009,-0.11199999999999999,-0.066,,,,-0.136
Toledo,2009,-0.159,-0.159,,,,-0.138
Louisville,2009,-0.11599999999999999,0.09,,,,-0.14400000000000002
Western Michigan,2009,-0.042,-0.10300000000000001,,,,-0.14800000000000002
North Texas,2009,-0.36,-0.243,,,,-0.159
Utah State,2009,-0.17,-0.249,,,,-0.16
Kent State,2009,-0.166,-0.20199999999999999,,,,-0.16899999999999998
Wyoming,2009,-0.21600000000000003,-0.094,,,,-0.174
Hawaii,2009,-0.166,0.08,,,,-0.187
Army,2009,-0.183,-0.22,,,,-0.188
San Diego State,2009,-0.258,-0.17300000000000001,,,,-0.18899999999999997
UL-Monroe,2009,-0.21,-0.14400000000000002,,,,-0.193
Arkansas State,2009,-0.125,-0.11599999999999999,,,,-0.193
Memphis,2009,-0.062,-0.17,,,,-0.19699999999999998
Ball State,2009,0.134,-0.08900000000000001,,,,-0.204
UL-Lafayette,2009,-0.109,-0.196,,,,-0.21600000000000003
Miami (Ohio),2009,-0.223,-0.18899999999999997,,,,-0.24100000000000002
Akron,2009,-0.06,-0.203,,,,-0.24100000000000002
New Mexico,2009,-0.06,0.025,,,,-0.25
Florida International,2009,-0.16,-0.27699999999999997,,,,-0.256
Tulane,2009,-0.237,-0.187,,,,-0.289
San Jose State,2009,-0.131,-0.201,,,,-0.303
Rice,2009,0.038,-0.205,,,,-0.306
Eastern Michigan,2009,-0.252,-0.209,,,,-0.318
New Mexico State,2009,-0.235,-0.195,,,,-0.32299999999999995
Washington State,2009,-0.37200000000000005,-0.02,,,,-0.371
Florida,2008,0.295,,,,,0.494
USC,2008,0.331,,,,,0.47600000000000003
Texas,2008,0.17800000000000002,,,,,0.365
Oklahoma,2008,0.273,,,,,0.354
Penn State,2008,0.134,,,,,0.34
TCU,2008,0.069,,,,,0.324
Boise State,2008,0.096,,,,,0.29100000000000004
Alabama,2008,0.102,,,,,0.273
Ohio State,2008,0.33399999999999996,,,,,0.251
Ole Miss,2008,-0.08900000000000001,,,,,0.25
Utah,2008,0.127,,,,,0.243
Iowa,2008,-0.042,,,,,0.21100000000000002
Texas Tech,2008,0.14,,,,,0.207
Missouri,2008,0.23800000000000002,,,,,0.19699999999999998
Pittsburgh,2008,0.044000000000000004,,,,,0.166
Oklahoma State,2008,0.079,,,,,0.162
Oregon,2008,0.278,,,,,0.16
Georgia,2008,0.23800000000000002,,,,,0.155
North Carolina,2008,-0.024,,,,,0.152
Florida State,2008,0.059000000000000004,,,,,0.14400000000000002
Arizona,2008,0.102,,,,,0.14300000000000002
Clemson,2008,0.21899999999999997,,,,,0.139
LSU,2008,0.337,,,,,0.139
California,2008,0.142,,,,,0.136
Ball State,2008,-0.08900000000000001,,,,,0.134
Boston College,2008,0.165,,,,,0.131
Cincinnati,2008,0.21,,,,,0.122
Wake Forest,2008,0.065,,,,,0.11900000000000001
Connecticut,2008,0.107,,,,,0.11699999999999999
Oregon State,2008,0.13699999999999998,,,,,0.115
West Virginia,2008,0.327,,,,,0.11
Virginia Tech,2008,0.251,,,,,0.105
Tulsa,2008,0.024,,,,,0.10099999999999999
Rutgers,2008,0.11199999999999999,,,,,0.1
South Florida,2008,0.22899999999999998,,,,,0.094
Nebraska,2008,-0.043,,,,,0.087
Georgia Tech,2008,0.045,,,,,0.078
BYU,2008,0.21,,,,,0.067
Michigan State,2008,0.084,,,,,0.065
South Carolina,2008,0.095,,,,,0.063
Kansas,2008,0.22,,,,,0.055
Northwestern,2008,-0.114,,,,,0.05
Illinois,2008,0.154,,,,,0.040999999999999995
Rice,2008,-0.205,,,,,0.038
Notre Dame,2008,-0.139,,,,,0.037000000000000005
Wisconsin,2008,0.081,,,,,0.037000000000000005
Houston,2008,-0.057,,,,,0.036000000000000004
Southern Miss,2008,-0.033,,,,,0.036000000000000004
East Carolina,2008,-0.034,,,,,0.034
N.C. State,2008,-0.031,,,,,0.03
Maryland,2008,0.055,,,,,0.028999999999999998
Navy,2008,-0.027999999999999997,,,,,0.021
Tennessee,2008,0.183,,,,,0.019
Vanderbilt,2008,-0.042,,,,,0.018000000000000002
Miami,2008,-0.035,,,,,0.013000000000000001
Bowling Green,2008,-0.154,,,,,0.012
Troy,2008,0.048,,,,,0.011000000000000001
Stanford,2008,-0.034,,,,,-0.001
Air Force,2008,0.027000000000000003,,,,,-0.009000000000000001
Virginia,2008,0.067,,,,,-0.01
Buffalo,2008,-0.23,,,,,-0.019
Auburn,2008,0.20800000000000002,,,,,-0.025
Baylor,2008,-0.226,,,,,-0.031
Nevada,2008,-0.09699999999999999,,,,,-0.033
Central Michigan,2008,-0.111,,,,,-0.036000000000000004
Northern Illinois,2008,-0.252,,,,,-0.04
Arizona State,2008,0.162,,,,,-0.040999999999999995
Western Michigan,2008,-0.10300000000000001,,,,,-0.042
Temple,2008,-0.223,,,,,-0.045
Arkansas,2008,0.154,,,,,-0.047
Purdue,2008,0.005,,,,,-0.049
Kentucky,2008,0.158,,,,,-0.053
Michigan,2008,0.13699999999999998,,,,,-0.057999999999999996
Akron,2008,-0.203,,,,,-0.06
New Mexico,2008,0.025,,,,,-0.06
Minnesota,2008,-0.14,,,,,-0.061
Memphis,2008,-0.17,,,,,-0.062
Duke,2008,-0.18899999999999997,,,,,-0.065
Marshall,2008,-0.092,,,,,-0.068
Colorado State,2008,-0.087,,,,,-0.073
Fresno State,2008,0.035,,,,,-0.08
UTEP,2008,-0.098,,,,,-0.094
Kansas State,2008,-0.002,,,,,-0.102
UNLV,2008,-0.14400000000000002,,,,,-0.107
UCLA,2008,0.147,,,,,-0.109
UL-Lafayette,2008,-0.196,,,,,-0.109
Ohio,2008,-0.14800000000000002,,,,,-0.111
Central Florida,2008,0.098,,,,,-0.111
Florida Atlantic,2008,-0.066,,,,,-0.11199999999999999
Louisville,2008,0.09,,,,,-0.11599999999999999
Arkansas State,2008,-0.11599999999999999,,,,,-0.125
San Jose State,2008,-0.201,,,,,-0.131
Louisiana Tech,2008,-0.155,,,,,-0.132
Syracuse,2008,-0.21600000000000003,,,,,-0.134
Colorado,2008,0.008,,,,,-0.147
Indiana,2008,-0.04,,,,,-0.149
Iowa State,2008,-0.156,,,,,-0.153
UAB,2008,-0.242,,,,,-0.155
Middle Tennessee,2008,-0.115,,,,,-0.158
Toledo,2008,-0.159,,,,,-0.159
Florida International,2008,-0.27699999999999997,,,,,-0.16
Mississippi State,2008,0.049,,,,,-0.16
Hawaii,2008,0.08,,,,,-0.166
Kent State,2008,-0.20199999999999999,,,,,-0.166
Utah State,2008,-0.249,,,,,-0.17
Army,2008,-0.22,,,,,-0.183
Texas A&M,2008,-0.017,,,,,-0.184
SMU,2008,-0.155,,,,,-0.19
UL-Monroe,2008,-0.14400000000000002,,,,,-0.21
Wyoming,2008,-0.094,,,,,-0.21600000000000003
Miami (Ohio),2008,-0.18899999999999997,,,,,-0.223
New Mexico State,2008,-0.195,,,,,-0.235
Tulane,2008,-0.187,,,,,-0.237
Eastern Michigan,2008,-0.209,,,,,-0.252
San Diego State,2008,-0.17300000000000001,,,,,-0.258
Washington,2008,0.047,,,,,-0.284
Idaho,2008,-0.215,,,,,-0.325
North Texas,2008,-0.243,,,,,-0.36
Washington State,2008,-0.02,,,,,-0.37200000000000005
